Tank,ID,Genotype,Water Treatment,Plastic Treatment,Combined Treatmenr,Date,Temp,DO,Salinity,pH,,,,,,,,,,,,,,,,,,,,,,
1,15E - 1,15,AMB,MP+,AMB MP+,10/12/20,28.61,6.21,37.25,8.069,,,,,,,,,,,,,,,,,,,,,,
2,10aA - 1,10a,OAW,MP+,OAW MP+,10/12/20,28.63,6.21,37.33,8.058,,,,,,,,,,,,,,,,,,,,,,
3,5aC - 2,5a,AMB,Control,AMB Control,10/12/20,28.61,6.18,37.32,8.026,,,,,,,,,,,,,,,,,,,,,,
4,15E - 2,15,OAW,Control,OAW Control,10/12/20,28.63,6.32,37.28,8.063,,,,,,,,,,,,,,,,,,,,,,
5,15C - 1,15,OAW,MP+,OAW MP+,10/12/20,28.61,6.18,37.35,8.038,,,,,,,,,,,,,,,,,,,,,,
6,10aB - 1,10a,AMB,MP+,AMB MP+,10/12/20,28.63,6.23,37.34,8.072,,,,,,,,,,,,,,,,,,,,,,
7,15E - 3,15,AMB,Control,AMB Control,10/12/20,28.59,6.22,37.37,8.077,,,,,,,,,,,,,,,,,,,,,,
8,6D - 1,6,AMB,Control,AMB Control,10/12/20,28.62,6.24,37.46,8.080,,,,,,,,,,,,,,,,,,,,,,
9,5aC - 1,5a,OAW,Control,OAW Control,10/12/20,28.59,6.18,37.33,8.039,,,,,,,,,,,,,,,,,,,,,,
10,6B - 2,6,OAW,MP+,OAW MP+,10/12/20,28.62,6.27,37.52,8.061,,,,,,,,,,,,,,,,,,,,,,
11,5B - 1,5,OAW,Control,OAW Control,10/12/20,28.62,6.21,37.4,8.063,,,,,,,,,,,,,,,,,,,,,,
12,5aE - 1,5a,AMB,MP+,AMB MP+,10/12/20,28.60,6.25,37.45,8.080,,,,,,,,,,,,,,,,,,,,,,
13,11E - 2,11,OAW,MP+,OAW MP+,10/12/20,28.64,6.25,37,8.057,,,,,,,,,,,,,,,,,,,,,,
14,12E - 1,12,AMB,Control,AMB Control,10/12/20,28.64,6.22,36.91,8.055,,,,,,,,,,,,,,,,,,,,,,
15,2E - 1,2,AMB,MP+,AMB MP+,10/12/20,28.63,6.24,36.87,8.052,,,,,,,,,,,,,,,,,,,,,,
16,2B - 1,2,AMB,Control,AMB Control,10/12/20,28.63,6.23,36.89,8.044,,,,,,,,,,,,,,,,,,,,,,
17,6B - 1,6,AMB,MP+,AMB MP+,10/12/20,28.63,6.23,37.05,8.081,,,,,,,,,,,,,,,,,,,,,,
18,2aE - 1,2a,OAW,Control,OAW Control,10/12/20,28.63,6.28,37.02,8.013,,,,,,,,,,,,,,,,,,,,,,
19,10aC - 1,10a,OAW,Control,OAW Control,10/12/20,28.60,6.22,36.94,7.968,,,,,,,,,,,,,,,,,,,,,,
20,12E - 2,12,AMB,MP+,AMB MP+,10/12/20,28.64,6.19,36.96,8.041,,,,,,,,,,,,,,,,,,,,,,
21,11E - 1,11,OAW,Control,OAW Control,10/12/20,28.59,6.21,36.88,8.051,,,,,,,,,,,,,,,,,,,,,,
22,5aA - 1,5a,OAW,MP+,OAW MP+,10/12/20,28.63,6.26,36.88,8.074,,,,,,,,,,,,,,,,,,,,,,
23,5D - 1,5,AMB,Control,AMB Control,10/12/20,28.62,6.25,36.92,8.087,,,,,,,,,,,,,,,,,,,,,,
24,12B - 1,12,OAW,MP+,OAW MP+,10/12/20,28.60,6.29,36.87,8.079,,,,,,,,,,,,,,,,,,,,,,
25,5C - 1,5,AMB,MP+,AMB MP+,10/12/20,28.59,6.24,37.05,8.073,,,,,,,,,,,,,,,,,,,,,,
26,10aD - 1,10a,AMB,Control,AMB Control,10/12/20,28.60,6.19,37.15,8.059,,,,,,,,,,,,,,,,,,,,,,
27,11A - 1,11,AMB,MP+,AMB MP+,10/12/20,28.61,6.37,37.3,8.071,,,,,,,,,,,,,,,,,,,,,,
28,5C - 2,5,OAW,MP+,OAW MP+,10/12/20,28.60,6.3,37.26,8.077,,,,,,,,,,,,,,,,,,,,,,
29,2A - 1,2,OAW,Control,OAW Control,10/12/20,28.63,6.22,37.43,8.098,,,,,,,,,,,,,,,,,,,,,,
30,11B - 1,11,AMB,Control,AMB Control,10/12/20,28.60,6.28,37.31,8.087,,,,,,,,,,,,,,,,,,,,,,
31,2aB - 1,2a,OAW,MP+,OAW MP+,10/12/20,28.60,6.28,37.09,8.048,,,,,,,,,,,,,,,,,,,,,,
32,12A - 1,12,OAW,Control,OAW Control,10/12/20,28.62,6.23,37.21,8.052,,,,,,,,,,,,,,,,,,,,,,
33,2aD - 1,2a,AMB,Control,AMB Control,10/12/20,28.62,6.24,37.24,8.112,,,,,,,,,,,,,,,,,,,,,,
34,2D - 1,2,OAW,MP+,OAW MP+,10/12/20,28.64,6.21,37.26,8.066,,,,,,,,,,,,,,,,,,,,,,
35,6E - 1,6,OAW,Control,OAW Control,10/12/20,28.62,6.22,37.25,8.081,,,,,,,,,,,,,,,,,,,,,,
36,2aC - 1,2a,AMB,MP+,AMB MP+,10/12/20,28.62,6.21,37.11,8.068,,,,,,,,,,,,,,,,,,,,,,
1,15E - 1,15,AMB,MP+,AMB MP+,10/13/20,28.62,6.22,37.94,8.032,,,,,,,,,,,,,,,,,,,,,,
2,10aA - 1,10a,OAW,MP+,OAW MP+,10/13/20,29.02,6.2,37.91,8.008,,,,,,,,,,,,,,,,,,,,,,
3,5aC - 2,5a,AMB,Control,AMB Control,10/13/20,28.63,6.23,37.99,7.997,,,,,,,,,,,,,,,,,,,,,,
4,15E - 2,15,OAW,Control,OAW Control,10/13/20,29.01,6.17,37.54,8.002,,,,,,,,,,,,,,,,,,,,,,
5,15C - 1,15,OAW,MP+,OAW MP+,10/13/20,29.02,6.18,37.85,7.991,,,,,,,,,,,,,,,,,,,,,,
6,10aB - 1,10a,AMB,MP+,AMB MP+,10/13/20,28.64,6.23,38.01,8.015,,,,,,,,,,,,,,,,,,,,,,
7,15E - 3,15,AMB,Control,AMB Control,10/13/20,28.62,6.23,37.81,8.036,,,,,,,,,,,,,,,,,,,,,,
8,6D - 1,6,AMB,Control,AMB Control,10/13/20,28.62,6.23,38.02,8.041,,,,,,,,,,,,,,,,,,,,,,
9,5aC - 1,5a,OAW,Control,OAW Control,10/13/20,29.02,6.16,37.87,7.987,,,,,,,,,,,,,,,,,,,,,,
10,6B - 2,6,OAW,MP+,OAW MP+,10/13/20,29.01,6.16,38.18,8.024,,,,,,,,,,,,,,,,,,,,,,
11,5B - 1,5,OAW,Control,OAW Control,10/13/20,29.00,6.17,37.65,8.001,,,,,,,,,,,,,,,,,,,,,,
12,5aE - 1,5a,AMB,MP+,AMB MP+,10/13/20,28.61,6.2,38.09,8.053,,,,,,,,,,,,,,,,,,,,,,
13,11E - 2,11,OAW,MP+,OAW MP+,10/13/20,28.97,6.19,37.5,8.008,,,,,,,,,,,,,,,,,,,,,,
14,12E - 1,12,AMB,Control,AMB Control,10/13/20,28.63,6.23,37.25,7.989,,,,,,,,,,,,,,,,,,,,,,
15,2E - 1,2,AMB,MP+,AMB MP+,10/13/20,28.65,6.25,37.22,7.987,,,,,,,,,,,,,,,,,,,,,,
16,2B - 1,2,AMB,Control,AMB Control,10/13/20,28.64,6.22,37.47,7.975,,,,,,,,,,,,,,,,,,,,,,
17,6B - 1,6,AMB,MP+,AMB MP+,10/13/20,28.64,6.25,37.55,8.035,,,,,,,,,,,,,,,,,,,,,,
18,2aE - 1,2a,OAW,Control,OAW Control,10/13/20,28.95,6.2,37.45,7.983,,,,,,,,,,,,,,,,,,,,,,
19,10aC - 1,10a,OAW,Control,OAW Control,10/13/20,28.93,6.16,37.35,7.933,,,,,,,,,,,,,,,,,,,,,,
20,12E - 2,12,AMB,MP+,AMB MP+,10/13/20,28.65,6.24,37.55,7.975,,,,,,,,,,,,,,,,,,,,,,
21,11E - 1,11,OAW,Control,OAW Control,10/13/20,28.93,6.15,37.56,8.008,,,,,,,,,,,,,,,,,,,,,,
22,5aA - 1,5a,OAW,MP+,OAW MP+,10/13/20,28.91,6.25,36.98,7.996,,,,,,,,,,,,,,,,,,,,,,
23,5D - 1,5,AMB,Control,AMB Control,10/13/20,28.62,6.25,37.39,8.030,,,,,,,,,,,,,,,,,,,,,,
24,12B - 1,12,OAW,MP+,OAW MP+,10/13/20,28.92,6.19,37.55,8.040,,,,,,,,,,,,,,,,,,,,,,
25,5C - 1,5,AMB,MP+,AMB MP+,10/13/20,28.63,6.21,37.84,8.019,,,,,,,,,,,,,,,,,,,,,,
26,10aD - 1,10a,AMB,Control,AMB Control,10/13/20,28.64,6.23,37.85,7.993,,,,,,,,,,,,,,,,,,,,,,
27,11A - 1,11,AMB,MP+,AMB MP+,10/13/20,28.64,6.22,37.85,8.016,,,,,,,,,,,,,,,,,,,,,,
28,5C - 2,5,OAW,MP+,OAW MP+,10/13/20,29.01,6.16,37.72,8.022,,,,,,,,,,,,,,,,,,,,,,
29,2A - 1,2,OAW,Control,OAW Control,10/13/20,29.01,6.2,37.46,8.019,,,,,,,,,,,,,,,,,,,,,,
30,11B - 1,11,AMB,Control,AMB Control,10/13/20,28.64,6.21,37.74,8.045,,,,,,,,,,,,,,,,,,,,,,
31,2aB - 1,2a,OAW,MP+,OAW MP+,10/13/20,29.01,6.2,37.83,8.004,,,,,,,,,,,,,,,,,,,,,,
32,12A - 1,12,OAW,Control,OAW Control,10/13/20,29.01,6.19,37.81,8.026,,,,,,,,,,,,,,,,,,,,,,
33,2aD - 1,2a,AMB,Control,AMB Control,10/13/20,28.62,6.24,37.77,8.086,,,,,,,,,,,,,,,,,,,,,,
34,2D - 1,2,OAW,MP+,OAW MP+,10/13/20,29.02,6.15,37.7,7.988,,,,,,,,,,,,,,,,,,,,,,
35,6E - 1,6,OAW,Control,OAW Control,10/13/20,29.02,6.22,37.67,8.030,,,,,,,,,,,,,,,,,,,,,,
36,2aC - 1,2a,AMB,MP+,AMB MP+,10/13/20,28.63,6.23,37.63,8.009,,,,,,,,,,,,,,,,,,,,,,
1,15E - 1,15,AMB,MP+,AMB MP+,10/14/20,28.65,6.29,37.61,8.148,,,,,,,,,,,,,,,,,,,,,,
2,10aA - 1,10a,OAW,MP+,OAW MP+,10/14/20,29.47,6.27,37.71,8.061,,,,,,,,,,,,,,,,,,,,,,
3,5aC - 2,5a,AMB,Control,AMB Control,10/14/20,28.65,6.33,37.84,8.090,,,,,,,,,,,,,,,,,,,,,,
4,15E - 2,15,OAW,Control,OAW Control,10/14/20,29.43,6.22,37.45,8.065,,,,,,,,,,,,,,,,,,,,,,
5,15C - 1,15,OAW,MP+,OAW MP+,10/14/20,29.45,6.25,37.71,8.008,,,,,,,,,,,,,,,,,,,,,,
6,10aB - 1,10a,AMB,MP+,AMB MP+,10/14/20,28.64,6.31,37.89,8.090,,,,,,,,,,,,,,,,,,,,,,
7,15E - 3,15,AMB,Control,AMB Control,10/14/20,28.63,6.3,37.81,8.108,,,,,,,,,,,,,,,,,,,,,,
8,6D - 1,6,AMB,Control,AMB Control,10/14/20,28.62,6.3,37.75,8.148,,,,,,,,,,,,,,,,,,,,,,
9,5aC - 1,5a,OAW,Control,OAW Control,10/14/20,29.45,6.22,37.55,8.019,,,,,,,,,,,,,,,,,,,,,,
10,6B - 2,6,OAW,MP+,OAW MP+,10/14/20,29.45,6.24,37.98,8.041,,,,,,,,,,,,,,,,,,,,,,
11,5B - 1,5,OAW,Control,OAW Control,10/14/20,29.43,6.25,37.4,8.113,,,,,,,,,,,,,,,,,,,,,,
12,5aE - 1,5a,AMB,MP+,AMB MP+,10/14/20,28.61,6.34,37.82,8.175,,,,,,,,,,,,,,,,,,,,,,
13,11E - 2,11,OAW,MP+,OAW MP+,10/14/20,29.40,6.21,37.58,8.122,,,,,,,,,,,,,,,,,,,,,,
14,12E - 1,12,AMB,Control,AMB Control,10/14/20,28.64,6.29,37.37,8.112,,,,,,,,,,,,,,,,,,,,,,
15,2E - 1,2,AMB,MP+,AMB MP+,10/14/20,28.65,6.32,37.05,8.107,,,,,,,,,,,,,,,,,,,,,,
16,2B - 1,2,AMB,Control,AMB Control,10/14/20,28.65,6.28,37.4,8.071,,,,,,,,,,,,,,,,,,,,,,
17,6B - 1,6,AMB,MP+,AMB MP+,10/14/20,28.64,6.31,37.46,8.148,,,,,,,,,,,,,,,,,,,,,,
18,2aE - 1,2a,OAW,Control,OAW Control,10/14/20,29.38,6.25,37.36,8.024,,,,,,,,,,,,,,,,,,,,,,
19,10aC - 1,10a,OAW,Control,OAW Control,10/14/20,29.37,6.25,36.46,8.035,,,,,,,,,,,,,,,,,,,,,,
20,12E - 2,12,AMB,MP+,AMB MP+,10/14/20,28.64,6.33,36.58,8.075,,,,,,,,,,,,,,,,,,,,,,
21,11E - 1,11,OAW,Control,OAW Control,10/14/20,29.19,6.26,36.78,8.057,,,,,,,,,,,,,,,,,,,,,,
22,5aA - 1,5a,OAW,MP+,OAW MP+,10/14/20,29.36,6.28,36.8,8.075,,,,,,,,,,,,,,,,,,,,,,
23,5D - 1,5,AMB,Control,AMB Control,10/14/20,28.61,6.31,37.25,8.152,,,,,,,,,,,,,,,,,,,,,,
24,12B - 1,12,OAW,MP+,OAW MP+,10/14/20,29.36,6.25,37.34,8.048,,,,,,,,,,,,,,,,,,,,,,
25,5C - 1,5,AMB,MP+,AMB MP+,10/14/20,28.62,6.31,37.77,8.135,,,,,,,,,,,,,,,,,,,,,,
26,10aD - 1,10a,AMB,Control,AMB Control,10/14/20,28.63,6.34,37.77,8.118,,,,,,,,,,,,,,,,,,,,,,
27,11A - 1,11,AMB,MP+,AMB MP+,10/14/20,28.65,6.3,38.36,8.142,,,,,,,,,,,,,,,,,,,,,,
28,5C - 2,5,OAW,MP+,OAW MP+,10/14/20,29.45,6.26,37.6,8.082,,,,,,,,,,,,,,,,,,,,,,
29,2A - 1,2,OAW,Control,OAW Control,10/14/20,29.43,6.22,37.49,8.048,,,,,,,,,,,,,,,,,,,,,,
30,11B - 1,11,AMB,Control,AMB Control,10/14/20,28.62,6.3,37.63,8.150,,,,,,,,,,,,,,,,,,,,,,
31,2aB - 1,2a,OAW,MP+,OAW MP+,10/14/20,29.45,6.26,37.81,8.020,,,,,,,,,,,,,,,,,,,,,,
32,12A - 1,12,OAW,Control,OAW Control,10/14/20,29.44,6.26,38.45,8.063,,,,,,,,,,,,,,,,,,,,,,
33,2aD - 1,2a,AMB,Control,AMB Control,10/14/20,28.64,6.36,37.59,8.173,,,,,,,,,,,,,,,,,,,,,,
34,2D - 1,2,OAW,MP+,OAW MP+,10/14/20,29.45,6.26,37.44,8.041,,,,,,,,,,,,,,,,,,,,,,
35,6E - 1,6,OAW,Control,OAW Control,10/14/20,29.44,6.27,37.5,8.063,,,,,,,,,,,,,,,,,,,,,,
36,2aC - 1,2a,AMB,MP+,AMB MP+,10/14/20,28.65,6.32,37.3,8.116,,,,,,,,,,,,,,,,,,,,,,
1,15E - 1,15,AMB,MP+,AMB MP+,10/15/20,28.63,6.34,37.35,8.161,,,,,,,,,,,,,,,,,,,,,,
2,10aA - 1,10a,OAW,MP+,OAW MP+,10/15/20,29.67,6.25,37.82,8.076,,,,,,,,,,,,,,,,,,,,,,
3,5aC - 2,5a,AMB,Control,AMB Control,10/15/20,28.61,6.32,38.18,8.116,,,,,,,,,,,,,,,,,,,,,,
4,15E - 2,15,OAW,Control,OAW Control,10/15/20,29.62,6.32,33.91,8.036,,,,,,,,,,,,,,,,,,,,,,
5,15C - 1,15,OAW,MP+,OAW MP+,10/15/20,29.62,6.21,37.89,8.039,,,,,,,,,,,,,,,,,,,,,,
6,10aB - 1,10a,AMB,MP+,AMB MP+,10/15/20,28.61,6.34,37.62,8.154,,,,,,,,,,,,,,,,,,,,,,
7,15E - 3,15,AMB,Control,AMB Control,10/15/20,28.59,6.33,37.84,8.175,,,,,,,,,,,,,,,,,,,,,,
8,6D - 1,6,AMB,Control,AMB Control,10/15/20,28.59,6.3,37.98,8.159,,,,,,,,,,,,,,,,,,,,,,
9,5aC - 1,5a,OAW,Control,OAW Control,10/15/20,29.59,6.22,36.92,8.037,,,,,,,,,,,,,,,,,,,,,,
10,6B - 2,6,OAW,MP+,OAW MP+,10/15/20,29.53,6.16,38.67,8.043,,,,,,,,,,,,,,,,,,,,,,
11,5B - 1,5,OAW,Control,OAW Control,10/15/20,29.56,6.34,33.97,8.121,,,,,,,,,,,,,,,,,,,,,,
12,5aE - 1,5a,AMB,MP+,AMB MP+,10/15/20,28.56,6.37,37.06,8.164,,,,,,,,,,,,,,,,,,,,,,
13,11E - 2,11,OAW,MP+,OAW MP+,10/15/20,29.60,6.22,36.78,8.140,,,,,,,,,,,,,,,,,,,,,,
14,12E - 1,12,AMB,Control,AMB Control,10/15/20,28.62,6.35,37.19,8.148,,,,,,,,,,,,,,,,,,,,,,
15,2E - 1,2,AMB,MP+,AMB MP+,10/15/20,28.61,6.44,34.44,8.091,,,,,,,,,,,,,,,,,,,,,,
16,2B - 1,2,AMB,Control,AMB Control,10/15/20,28.63,6.32,37.04,8.087,,,,,,,,,,,,,,,,,,,,,,
17,6B - 1,6,AMB,MP+,AMB MP+,10/15/20,28.62,6.39,35.61,8.102,,,,,,,,,,,,,,,,,,,,,,
18,2aE - 1,2a,OAW,Control,OAW Control,10/15/20,29.55,6.22,37.18,8.097,,,,,,,,,,,,,,,,,,,,,,
19,10aC - 1,10a,OAW,Control,OAW Control,10/15/20,29.56,6.31,34.07,8.078,,,,,,,,,,,,,,,,,,,,,,
20,12E - 2,12,AMB,MP+,AMB MP+,10/15/20,28.63,6.37,36.94,8.099,,,,,,,,,,,,,,,,,,,,,,
21,11E - 1,11,OAW,Control,OAW Control,10/15/20,29.21,6.23,36.83,8.083,,,,,,,,,,,,,,,,,,,,,,
22,5aA - 1,5a,OAW,MP+,OAW MP+,10/15/20,29.58,6.31,34.93,8.088,,,,,,,,,,,,,,,,,,,,,,
23,5D - 1,5,AMB,Control,AMB Control,10/15/20,28.59,6.46,33.17,8.133,,,,,,,,,,,,,,,,,,,,,,
24,12B - 1,12,OAW,MP+,OAW MP+,10/15/20,29.56,6.24,36.62,8.052,,,,,,,,,,,,,,,,,,,,,,
25,5C - 1,5,AMB,MP+,AMB MP+,10/15/20,28.60,6.35,37.6,8.144,,,,,,,,,,,,,,,,,,,,,,
26,10aD - 1,10a,AMB,Control,AMB Control,10/15/20,28.61,6.37,37.57,8.135,,,,,,,,,,,,,,,,,,,,,,
27,11A - 1,11,AMB,MP+,AMB MP+,10/15/20,28.62,6.35,38.02,8.151,,,,,,,,,,,,,,,,,,,,,,
28,5C - 2,5,OAW,MP+,OAW MP+,10/15/20,29.63,6.24,37.65,8.093,,,,,,,,,,,,,,,,,,,,,,
29,2A - 1,2,OAW,Control,OAW Control,10/15/20,29.64,6.4,33.15,8.155,,,,,,,,,,,,,,,,,,,,,,
30,11B - 1,11,AMB,Control,AMB Control,10/15/20,28.63,6.31,37.45,8.157,,,,,,,,,,,,,,,,,,,,,,
31,2aB - 1,2a,OAW,MP+,OAW MP+,10/15/20,29.64,6.2,37.92,8.051,,,,,,,,,,,,,,,,,,,,,,
32,12A - 1,12,OAW,Control,OAW Control,10/15/20,29.60,6.29,36.3,8.044,,,,,,,,,,,,,,,,,,,,,,
33,2aD - 1,2a,AMB,Control,AMB Control,10/15/20,28.60,6.33,38.41,8.132,,,,,,,,,,,,,,,,,,,,,,
34,2D - 1,2,OAW,MP+,OAW MP+,10/15/20,29.61,6.21,38.34,8.050,,,,,,,,,,,,,,,,,,,,,,
35,6E - 1,6,OAW,Control,OAW Control,10/15/20,29.62,6.2,38.4,8.058,,,,,,,,,,,,,,,,,,,,,,
36,2aC - 1,2a,AMB,MP+,AMB MP+,10/15/20,28.61,6.38,36.96,8.134,,,,,,,,,,,,,,,,,,,,,,
1,15E - 1,15,AMB,MP+,AMB MP+,10/16/20,28.65,6.33,37.68,8.144,,,,,,,,,,,,,,,,,,,,,,
2,10aA - 1,10a,OAW,MP+,OAW MP+,10/16/20,30.13,6.21,37.77,8.039,,,,,,,,,,,,,,,,,,,,,,
3,5aC - 2,5a,AMB,Control,AMB Control,10/16/20,28.64,6.36,37.66,8.098,,,,,,,,,,,,,,,,,,,,,,
4,15E - 2,15,OAW,Control,OAW Control,10/16/20,30.11,6.45,34.69,8.008,,,,,,,,,,,,,,,,,,,,,,
5,15C - 1,15,OAW,MP+,OAW MP+,10/16/20,30.11,6.24,37.49,8.013,,,,,,,,,,,,,,,,,,,,,,
6,10aB - 1,10a,AMB,MP+,AMB MP+,10/16/20,28.64,6.35,37.25,8.128,,,,,,,,,,,,,,,,,,,,,,
7,15E - 3,15,AMB,Control,AMB Control,10/16/20,28.62,6.36,37.5,8.163,,,,,,,,,,,,,,,,,,,,,,
8,6D - 1,6,AMB,Control,AMB Control,10/16/20,28.64,6.35,37.6,8.155,,,,,,,,,,,,,,,,,,,,,,
9,5aC - 1,5a,OAW,Control,OAW Control,10/16/20,30.10,6.25,36.74,8.044,,,,,,,,,,,,,,,,,,,,,,
10,6B - 2,6,OAW,MP+,OAW MP+,10/16/20,30.10,6.18,37.84,8.015,,,,,,,,,,,,,,,,,,,,,,
11,5B - 1,5,OAW,Control,OAW Control,10/16/20,30.11,6.32,34.56,8.050,,,,,,,,,,,,,,,,,,,,,,
12,5aE - 1,5a,AMB,MP+,AMB MP+,10/16/20,28.63,6.42,36.88,8.170,,,,,,,,,,,,,,,,,,,,,,
13,11E - 2,11,OAW,MP+,OAW MP+,10/16/20,30.10,6.18,36.93,8.022,,,,,,,,,,,,,,,,,,,,,,
14,12E - 1,12,AMB,Control,AMB Control,10/16/20,28.65,6.45,37.03,8.134,,,,,,,,,,,,,,,,,,,,,,
15,2E - 1,2,AMB,MP+,AMB MP+,10/16/20,28.67,6.47,34.73,8.117,,,,,,,,,,,,,,,,,,,,,,
16,2B - 1,2,AMB,Control,AMB Control,10/16/20,28.64,6.34,37.03,8.060,,,,,,,,,,,,,,,,,,,,,,
17,6B - 1,6,AMB,MP+,AMB MP+,10/16/20,28.66,6.39,35.86,8.154,,,,,,,,,,,,,,,,,,,,,,
18,2aE - 1,2a,OAW,Control,OAW Control,10/16/20,30.09,6.22,36.97,7.998,,,,,,,,,,,,,,,,,,,,,,
19,10aC - 1,10a,OAW,Control,OAW Control,10/16/20,30.08,6.27,34.66,8.077,,,,,,,,,,,,,,,,,,,,,,
20,12E - 2,12,AMB,MP+,AMB MP+,10/16/20,28.65,6.39,36.83,8.065,,,,,,,,,,,,,,,,,,,,,,
21,11E - 1,11,OAW,Control,OAW Control,10/16/20,29.27,6.26,36.95,8.010,,,,,,,,,,,,,,,,,,,,,,
22,5aA - 1,5a,OAW,MP+,OAW MP+,10/16/20,30.09,6.28,35.35,8.063,,,,,,,,,,,,,,,,,,,,,,
23,5D - 1,5,AMB,Control,AMB Control,10/16/20,28.63,6.43,33.92,8.135,,,,,,,,,,,,,,,,,,,,,,
24,12B - 1,12,OAW,MP+,OAW MP+,10/16/20,30.07,6.17,37.12,8.038,,,,,,,,,,,,,,,,,,,,,,
25,5C - 1,5,AMB,MP+,AMB MP+,10/16/20,28.63,6.4,37.54,8.121,,,,,,,,,,,,,,,,,,,,,,
26,10aD - 1,10a,AMB,Control,AMB Control,10/16/20,28.64,6.45,37.65,8.098,,,,,,,,,,,,,,,,,,,,,,
27,11A - 1,11,AMB,MP+,AMB MP+,10/16/20,28.64,6.39,37.91,8.122,,,,,,,,,,,,,,,,,,,,,,
28,5C - 2,5,OAW,MP+,OAW MP+,10/16/20,30.12,6.24,37.61,8.026,,,,,,,,,,,,,,,,,,,,,,
29,2A - 1,2,OAW,Control,OAW Control,10/16/20,30.10,6.34,34.07,8.043,,,,,,,,,,,,,,,,,,,,,,
30,11B - 1,11,AMB,Control,AMB Control,10/16/20,28.64,6.23,37.61,8.156,,,,,,,,,,,,,,,,,,,,,,
31,2aB - 1,2a,OAW,MP+,OAW MP+,10/16/20,30.12,6.15,38.11,8.019,,,,,,,,,,,,,,,,,,,,,,
32,12A - 1,12,OAW,Control,OAW Control,10/16/20,30.11,6.24,36.61,8.043,,,,,,,,,,,,,,,,,,,,,,
33,2aD - 1,2a,AMB,Control,AMB Control,10/16/20,28.64,6.35,38.21,8.147,,,,,,,,,,,,,,,,,,,,,,
34,2D - 1,2,OAW,MP+,OAW MP+,10/16/20,30.11,6.26,38.02,8.036,,,,,,,,,,,,,,,,,,,,,,
35,6E - 1,6,OAW,Control,OAW Control,10/16/20,30.12,6.22,38.18,8.049,,,,,,,,,,,,,,,,,,,,,,
36,2aC - 1,2a,AMB,MP+,AMB MP+,10/16/20,28.65,6.45,36.81,8.100,,,,,,,,,,,,,,,,,,,,,,
1,15E - 1,15,AMB,MP+,AMB MP+,10/17/20,28.63,6.46,37.54,8.104,,,,,,,,,,,,,,,,,,,,,,
2,10aA - 1,10a,OAW,MP+,OAW MP+,10/17/20,30.24,6.28,37.8,7.926,,,,,,,,,,,,,,,,,,,,,,
3,5aC - 2,5a,AMB,Control,AMB Control,10/17/20,28.60,6.51,36.47,8.063,,,,,,,,,,,,,,,,,,,,,,
4,15E - 2,15,OAW,Control,OAW Control,10/17/20,29.91,6.44,33.72,7.962,,,,,,,,,,,,,,,,,,,,,,
5,15C - 1,15,OAW,MP+,OAW MP+,10/17/20,29.63,6.29,37.48,7.824,,,,,,,,,,,,,,,,,,,,,,
6,10aB - 1,10a,AMB,MP+,AMB MP+,10/17/20,28.57,6.44,37.02,8.085,,,,,,,,,,,,,,,,,,,,,,
7,15E - 3,15,AMB,Control,AMB Control,10/17/20,28.58,6.49,36.87,8.125,,,,,,,,,,,,,,,,,,,,,,
8,6D - 1,6,AMB,Control,AMB Control,10/17/20,28.61,6.44,37.39,8.102,,,,,,,,,,,,,,,,,,,,,,
9,5aC - 1,5a,OAW,Control,OAW Control,10/17/20,30.30,6.37,35.51,7.873,,,,,,,,,,,,,,,,,,,,,,
10,6B - 2,6,OAW,MP+,OAW MP+,10/17/20,29.73,6.25,38.39,7.943,,,,,,,,,,,,,,,,,,,,,,
11,5B - 1,5,OAW,Control,OAW Control,10/17/20,30.06,6.39,34.95,8.113,,,,,,,,,,,,,,,,,,,,,,
12,5aE - 1,5a,AMB,MP+,AMB MP+,10/17/20,28.58,6.51,36.9,8.123,,,,,,,,,,,,,,,,,,,,,,
13,11E - 2,11,OAW,MP+,OAW MP+,10/17/20,30.08,6.29,36.61,7.806,,,,,,,,,,,,,,,,,,,,,,
14,12E - 1,12,AMB,Control,AMB Control,10/17/20,28.61,6.51,37.21,8.099,,,,,,,,,,,,,,,,,,,,,,
15,2E - 1,2,AMB,MP+,AMB MP+,10/17/20,28.65,6.59,34.56,8.100,,,,,,,,,,,,,,,,,,,,,,
16,2B - 1,2,AMB,Control,AMB Control,10/17/20,28.62,6.47,36.54,8.036,,,,,,,,,,,,,,,,,,,,,,
17,6B - 1,6,AMB,MP+,AMB MP+,10/17/20,28.64,6.5,35.27,8.121,,,,,,,,,,,,,,,,,,,,,,
18,2aE - 1,2a,OAW,Control,OAW Control,10/17/20,30.05,6.3,37.06,7.819,,,,,,,,,,,,,,,,,,,,,,
19,10aC - 1,10a,OAW,Control,OAW Control,10/17/20,30.05,6.41,34.7,7.852,,,,,,,,,,,,,,,,,,,,,,
20,12E - 2,12,AMB,MP+,AMB MP+,10/17/20,28.62,6.51,37,8.042,,,,,,,,,,,,,,,,,,,,,,
21,11E - 1,11,OAW,Control,OAW Control,10/17/20,29.26,6.41,36.96,7.809,,,,,,,,,,,,,,,,,,,,,,
22,5aA - 1,5a,OAW,MP+,OAW MP+,10/17/20,30.05,6.39,35.71,7.828,,,,,,,,,,,,,,,,,,,,,,
23,5D - 1,5,AMB,Control,AMB Control,10/17/20,28.60,6.51,34.15,8.077,,,,,,,,,,,,,,,,,,,,,,
24,12B - 1,12,OAW,MP+,OAW MP+,10/17/20,30.03,6.29,36.42,7.827,,,,,,,,,,,,,,,,,,,,,,
25,5C - 1,5,AMB,MP+,AMB MP+,10/17/20,28.61,6.42,37.27,8.062,,,,,,,,,,,,,,,,,,,,,,
26,10aD - 1,10a,AMB,Control,AMB Control,10/17/20,28.60,6.45,37.84,8.053,,,,,,,,,,,,,,,,,,,,,,
27,11A - 1,11,AMB,MP+,AMB MP+,10/17/20,28.61,6.44,38.05,8.092,,,,,,,,,,,,,,,,,,,,,,
28,5C - 2,5,OAW,MP+,OAW MP+,10/17/20,30.07,6.3,37.21,7.826,,,,,,,,,,,,,,,,,,,,,,
29,2A - 1,2,OAW,Control,OAW Control,10/17/20,30.06,6.46,32.32,7.859,,,,,,,,,,,,,,,,,,,,,,
30,11B - 1,11,AMB,Control,AMB Control,10/17/20,28.62,6.39,37.55,8.087,,,,,,,,,,,,,,,,,,,,,,
31,2aB - 1,2a,OAW,MP+,OAW MP+,10/17/20,30.07,6.27,38.25,7.818,,,,,,,,,,,,,,,,,,,,,,
32,12A - 1,12,OAW,Control,OAW Control,10/17/20,30.03,6.29,36.72,7.833,,,,,,,,,,,,,,,,,,,,,,
33,2aD - 1,2a,AMB,Control,AMB Control,10/17/20,28.55,6.39,38.46,8.089,,,,,,,,,,,,,,,,,,,,,,
34,2D - 1,2,OAW,MP+,OAW MP+,10/17/20,30.06,6.29,38.43,7.850,,,,,,,,,,,,,,,,,,,,,,
35,6E - 1,6,OAW,Control,OAW Control,10/17/20,30.03,6.3,37.7,7.861,,,,,,,,,,,,,,,,,,,,,,
36,2aC - 1,2a,AMB,MP+,AMB MP+,10/17/20,28.61,6.44,37.2,8.064,,,,,,,,,,,,,,,,,,,,,,
1,15E - 1,15,AMB,MP+,AMB MP+,10/18/20,28.65,6.36,36.35,8.113,,,,,,,,,,,,,,,,,,,,,,
2,10aA - 1,10a,OAW,MP+,OAW MP+,10/18/20,30.15,6.21,36.76,7.797,,,,,,,,,,,,,,,,,,,,,,
3,5aC - 2,5a,AMB,Control,AMB Control,10/18/20,28.64,6.42,35.4,8.073,,,,,,,,,,,,,,,,,,,,,,
4,15E - 2,15,OAW,Control,OAW Control,10/18/20,30.10,6.31,33.45,7.877,,,,,,,,,,,,,,,,,,,,,,
5,15C - 1,15,OAW,MP+,OAW MP+,10/18/20,30.12,6.19,36.53,8.089,,,,,,,,,,,,,,,,,,,,,,
6,10aB - 1,10a,AMB,MP+,AMB MP+,10/18/20,28.65,6.45,35.23,8.100,,,,,,,,,,,,,,,,,,,,,,
7,15E - 3,15,AMB,Control,AMB Control,10/18/20,28.63,6.41,35.91,8.134,,,,,,,,,,,,,,,,,,,,,,
8,6D - 1,6,AMB,Control,AMB Control,10/18/20,28.63,6.39,36.48,8.120,,,,,,,,,,,,,,,,,,,,,,
9,5aC - 1,5a,OAW,Control,OAW Control,10/18/20,30.12,6.24,35.12,7.881,,,,,,,,,,,,,,,,,,,,,,
10,6B - 2,6,OAW,MP+,OAW MP+,10/18/20,30.09,6.18,37.42,7.867,,,,,,,,,,,,,,,,,,,,,,
11,5B - 1,5,OAW,Control,OAW Control,10/18/20,30.10,6.3,34.82,7.881,,,,,,,,,,,,,,,,,,,,,,
12,5aE - 1,5a,AMB,MP+,AMB MP+,10/18/20,28.63,6.43,36.05,8.119,,,,,,,,,,,,,,,,,,,,,,
13,11E - 2,11,OAW,MP+,OAW MP+,10/18/20,30.12,6.24,35.63,7.876,,,,,,,,,,,,,,,,,,,,,,
14,12E - 1,12,AMB,Control,AMB Control,10/18/20,28.64,6.42,35.61,8.127,,,,,,,,,,,,,,,,,,,,,,
15,2E - 1,2,AMB,MP+,AMB MP+,10/18/20,28.67,6.5,33.85,8.120,,,,,,,,,,,,,,,,,,,,,,
16,2B - 1,2,AMB,Control,AMB Control,10/18/20,28.65,6.42,35.36,8.048,,,,,,,,,,,,,,,,,,,,,,
17,6B - 1,6,AMB,MP+,AMB MP+,10/18/20,28.67,6.49,34.49,8.125,,,,,,,,,,,,,,,,,,,,,,
18,2aE - 1,2a,OAW,Control,OAW Control,10/18/20,30.11,6.26,35.95,7.870,,,,,,,,,,,,,,,,,,,,,,
19,10aC - 1,10a,OAW,Control,OAW Control,10/18/20,30.10,6.3,34.34,7.898,,,,,,,,,,,,,,,,,,,,,,
20,12E - 2,12,AMB,MP+,AMB MP+,10/18/20,28.64,6.38,35.96,8.064,,,,,,,,,,,,,,,,,,,,,,
21,11E - 1,11,OAW,Control,OAW Control,10/18/20,29.36,6.33,36.09,7.924,,,,,,,,,,,,,,,,,,,,,,
22,5aA - 1,5a,OAW,MP+,OAW MP+,10/18/20,30.10,6.34,35.27,7.909,,,,,,,,,,,,,,,,,,,,,,
23,5D - 1,5,AMB,Control,AMB Control,10/18/20,28.63,6.49,33.78,8.084,,,,,,,,,,,,,,,,,,,,,,
24,12B - 1,12,OAW,MP+,OAW MP+,10/18/20,30.10,6.3,35.75,7.919,,,,,,,,,,,,,,,,,,,,,,
25,5C - 1,5,AMB,MP+,AMB MP+,10/18/20,28.64,6.39,36.13,8.065,,,,,,,,,,,,,,,,,,,,,,
26,10aD - 1,10a,AMB,Control,AMB Control,10/18/20,28.64,6.38,36.18,8.061,,,,,,,,,,,,,,,,,,,,,,
27,11A - 1,11,AMB,MP+,AMB MP+,10/18/20,28.63,6.4,36.43,8.086,,,,,,,,,,,,,,,,,,,,,,
28,5C - 2,5,OAW,MP+,OAW MP+,10/18/20,30.12,6.27,36.13,7.866,,,,,,,,,,,,,,,,,,,,,,
29,2A - 1,2,OAW,Control,OAW Control,10/18/20,30.10,6.4,32.23,7.905,,,,,,,,,,,,,,,,,,,,,,
30,11B - 1,11,AMB,Control,AMB Control,10/18/20,28.64,6.36,36.2,8.049,,,,,,,,,,,,,,,,,,,,,,
31,2aB - 1,2a,OAW,MP+,OAW MP+,10/18/20,30.10,6.25,37.11,7.876,,,,,,,,,,,,,,,,,,,,,,
32,12A - 1,12,OAW,Control,OAW Control,10/18/20,30.09,6.3,35.65,7.879,,,,,,,,,,,,,,,,,,,,,,
33,2aD - 1,2a,AMB,Control,AMB Control,10/18/20,28.64,6.47,35.29,8.103,,,,,,,,,,,,,,,,,,,,,,
34,2D - 1,2,OAW,MP+,OAW MP+,10/18/20,30.11,6.19,36.95,7.913,,,,,,,,,,,,,,,,,,,,,,
35,6E - 1,6,OAW,Control,OAW Control,10/18/20,30.11,6.26,36.03,7.888,,,,,,,,,,,,,,,,,,,,,,
36,2aC - 1,2a,AMB,MP+,AMB MP+,10/18/20,28.63,6.4,35.81,8.068,,,,,,,,,,,,,,,,,,,,,,
1,15E - 1,15,AMB,MP+,AMB MP+,10/19/20,28.62,6.43,35.09,8.078,,,,,,,,,,,,,,,,,,,,,,
2,10aA - 1,10a,OAW,MP+,OAW MP+,10/19/20,30.09,6.3,35.29,7.905,,,,,,,,,,,,,,,,,,,,,,
3,5aC - 2,5a,AMB,Control,AMB Control,10/19/20,28.61,6.52,34.19,8.046,,,,,,,,,,,,,,,,,,,,,,
4,15E - 2,15,OAW,Control,OAW Control,10/19/20,30.08,6.48,32.38,7.893,,,,,,,,,,,,,,,,,,,,,,
5,15C - 1,15,OAW,MP+,OAW MP+,10/19/20,30.08,6.31,35.35,7.724,,,,,,,,,,,,,,,,,,,,,,
6,10aB - 1,10a,AMB,MP+,AMB MP+,10/19/20,28.54,6.51,34.14,8.064,,,,,,,,,,,,,,,,,,,,,,
7,15E - 3,15,AMB,Control,AMB Control,10/19/20,28.61,6.51,35.16,8.109,,,,,,,,,,,,,,,,,,,,,,
8,6D - 1,6,AMB,Control,AMB Control,10/19/20,28.60,6.48,35.33,8.094,,,,,,,,,,,,,,,,,,,,,,
9,5aC - 1,5a,OAW,Control,OAW Control,10/19/20,30.07,6.39,34.19,7.902,,,,,,,,,,,,,,,,,,,,,,
10,6B - 2,6,OAW,MP+,OAW MP+,10/19/20,29.93,6.26,36.47,7.853,,,,,,,,,,,,,,,,,,,,,,
11,5B - 1,5,OAW,Control,OAW Control,10/19/20,30.05,6.34,33.78,7.937,,,,,,,,,,,,,,,,,,,,,,
12,5aE - 1,5a,AMB,MP+,AMB MP+,10/19/20,28.58,6.46,35.42,8.086,,,,,,,,,,,,,,,,,,,,,,
13,11E - 2,11,OAW,MP+,OAW MP+,10/19/20,30.08,6.34,34.16,7.884,,,,,,,,,,,,,,,,,,,,,,
14,12E - 1,12,AMB,Control,AMB Control,10/19/20,28.62,6.55,32.99,8.079,,,,,,,,,,,,,,,,,,,,,,
15,2E - 1,2,AMB,MP+,AMB MP+,10/19/20,28.64,6.63,32.08,8.092,,,,,,,,,,,,,,,,,,,,,,
16,2B - 1,2,AMB,Control,AMB Control,10/19/20,28.63,6.54,34.27,8.019,,,,,,,,,,,,,,,,,,,,,,
17,6B - 1,6,AMB,MP+,AMB MP+,10/19/20,28.63,6.57,33.51,8.104,,,,,,,,,,,,,,,,,,,,,,
18,2aE - 1,2a,OAW,Control,OAW Control,10/19/20,30.06,6.35,34.41,7.892,,,,,,,,,,,,,,,,,,,,,,
19,10aC - 1,10a,OAW,Control,OAW Control,10/19/20,30.08,6.39,32.63,7.917,,,,,,,,,,,,,,,,,,,,,,
20,12E - 2,12,AMB,MP+,AMB MP+,10/19/20,28.64,6.5,34.8,8.023,,,,,,,,,,,,,,,,,,,,,,
21,11E - 1,11,OAW,Control,OAW Control,10/19/20,29.35,6.45,34.46,7.936,,,,,,,,,,,,,,,,,,,,,,
22,5aA - 1,5a,OAW,MP+,OAW MP+,10/19/20,30.06,6.42,33.55,7.928,,,,,,,,,,,,,,,,,,,,,,
23,5D - 1,5,AMB,Control,AMB Control,10/19/20,28.62,6.59,31.75,8.090,,,,,,,,,,,,,,,,,,,,,,
24,12B - 1,12,OAW,MP+,OAW MP+,10/19/20,30.06,6.37,34.4,7.919,,,,,,,,,,,,,,,,,,,,,,
25,5C - 1,5,AMB,MP+,AMB MP+,10/19/20,28.60,6.45,35.01,8.045,,,,,,,,,,,,,,,,,,,,,,
26,10aD - 1,10a,AMB,Control,AMB Control,10/19/20,28.60,6.48,35.8,8.046,,,,,,,,,,,,,,,,,,,,,,
27,11A - 1,11,AMB,MP+,AMB MP+,10/19/20,28.61,6.48,35.67,8.063,,,,,,,,,,,,,,,,,,,,,,
28,5C - 2,5,OAW,MP+,OAW MP+,10/19/20,30.05,6.32,35.67,7.909,,,,,,,,,,,,,,,,,,,,,,
29,2A - 1,2,OAW,Control,OAW Control,10/19/20,30.06,6.5,30.09,7.896,,,,,,,,,,,,,,,,,,,,,,
30,11B - 1,11,AMB,Control,AMB Control,10/19/20,28.61,6.46,34.51,8.066,,,,,,,,,,,,,,,,,,,,,,
31,2aB - 1,2a,OAW,MP+,OAW MP+,10/19/20,30.08,6.34,35.4,7.908,,,,,,,,,,,,,,,,,,,,,,
32,12A - 1,12,OAW,Control,OAW Control,10/19/20,30.07,6.35,34.71,7.886,,,,,,,,,,,,,,,,,,,,,,
33,2aD - 1,2a,AMB,Control,AMB Control,10/19/20,28.63,6.54,34.28,8.085,,,,,,,,,,,,,,,,,,,,,,
34,2D - 1,2,OAW,MP+,OAW MP+,10/19/20,30.08,6.3,35.87,7.947,,,,,,,,,,,,,,,,,,,,,,
35,6E - 1,6,OAW,Control,OAW Control,10/19/20,30.08,6.37,34.49,7.948,,,,,,,,,,,,,,,,,,,,,,
36,2aC - 1,2a,AMB,MP+,AMB MP+,10/19/20,28.61,6.49,34.26,8.051,,,,,,,,,,,,,,,,,,,,,,
1,15E - 1,15,AMB,MP+,AMB MP+,10/20/20,28.64,6.54,34.61,8.088,,,,,,,,,,,,,,,,,,,,,,
2,10aA - 1,10a,OAW,MP+,OAW MP+,10/20/20,30.18,6.26,35.54,7.940,,,,,,,,,,,,,,,,,,,,,,
3,5aC - 2,5a,AMB,Control,AMB Control,10/20/20,28.65,6.46,35.69,8.045,,,,,,,,,,,,,,,,,,,,,,
4,15E - 2,15,OAW,Control,OAW Control,10/20/20,30.16,6.36,33.26,7.954,,,,,,,,,,,,,,,,,,,,,,
5,15C - 1,15,OAW,MP+,OAW MP+,10/20/20,30.18,6.28,35.63,7.881,,,,,,,,,,,,,,,,,,,,,,
6,10aB - 1,10a,AMB,MP+,AMB MP+,10/20/20,28.56,6.28,34.71,8.057,,,,,,,,,,,,,,,,,,,,,,
7,15E - 3,15,AMB,Control,AMB Control,10/20/20,28.64,6.46,35.45,8.105,,,,,,,,,,,,,,,,,,,,,,
8,6D - 1,6,AMB,Control,AMB Control,10/20/20,28.63,6.43,35.56,8.094,,,,,,,,,,,,,,,,,,,,,,
9,5aC - 1,5a,OAW,Control,OAW Control,10/20/20,30.17,6.29,34.6,7.905,,,,,,,,,,,,,,,,,,,,,,
10,6B - 2,6,OAW,MP+,OAW MP+,10/20/20,30.17,6.24,36.18,7.928,,,,,,,,,,,,,,,,,,,,,,
11,5B - 1,5,OAW,Control,OAW Control,10/20/20,30.16,6.3,34.48,7.979,,,,,,,,,,,,,,,,,,,,,,
12,5aE - 1,5a,AMB,MP+,AMB MP+,10/20/20,28.63,6.41,35.63,8.108,,,,,,,,,,,,,,,,,,,,,,
13,11E - 2,11,OAW,MP+,OAW MP+,10/20/20,30.15,6.32,34.76,7.910,,,,,,,,,,,,,,,,,,,,,,
14,12E - 1,12,AMB,Control,AMB Control,10/20/20,28.66,6.54,33.7,8.064,,,,,,,,,,,,,,,,,,,,,,
15,2E - 1,2,AMB,MP+,AMB MP+,10/20/20,28.68,6.55,32.85,8.077,,,,,,,,,,,,,,,,,,,,,,
16,2B - 1,2,AMB,Control,AMB Control,10/20/20,28.64,6.47,34.76,8.029,,,,,,,,,,,,,,,,,,,,,,
17,6B - 1,6,AMB,MP+,AMB MP+,10/20/20,28.64,6.5,34.18,8.102,,,,,,,,,,,,,,,,,,,,,,
18,2aE - 1,2a,OAW,Control,OAW Control,10/20/20,30.13,6.33,34.88,7.923,,,,,,,,,,,,,,,,,,,,,,
19,10aC - 1,10a,OAW,Control,OAW Control,10/20/20,30.11,6.34,33.52,7.955,,,,,,,,,,,,,,,,,,,,,,
20,12E - 2,12,AMB,MP+,AMB MP+,10/20/20,28.64,6.48,35.19,8.048,,,,,,,,,,,,,,,,,,,,,,
21,11E - 1,11,OAW,Control,OAW Control,10/20/20,29.37,6.39,34.92,7.912,,,,,,,,,,,,,,,,,,,,,,
22,5aA - 1,5a,OAW,MP+,OAW MP+,10/20/20,30.12,6.37,34.24,7.933,,,,,,,,,,,,,,,,,,,,,,
23,5D - 1,5,AMB,Control,AMB Control,10/20/20,28.62,6.55,32.78,8.095,,,,,,,,,,,,,,,,,,,,,,
24,12B - 1,12,OAW,MP+,OAW MP+,10/20/20,30.12,6.31,34.99,7.905,,,,,,,,,,,,,,,,,,,,,,
25,5C - 1,5,AMB,MP+,AMB MP+,10/20/20,28.63,6.42,35.51,8.035,,,,,,,,,,,,,,,,,,,,,,
26,10aD - 1,10a,AMB,Control,AMB Control,10/20/20,28.65,6.43,36.14,8.042,,,,,,,,,,,,,,,,,,,,,,
27,11A - 1,11,AMB,MP+,AMB MP+,10/20/20,28.63,6.42,36,8.058,,,,,,,,,,,,,,,,,,,,,,
28,5C - 2,5,OAW,MP+,OAW MP+,10/20/20,30.16,6.26,36.12,7.905,,,,,,,,,,,,,,,,,,,,,,
29,2A - 1,2,OAW,Control,OAW Control,10/20/20,30.16,6.43,31.52,7.931,,,,,,,,,,,,,,,,,,,,,,
30,11B - 1,11,AMB,Control,AMB Control,10/20/20,28.64,6.44,35.04,8.061,,,,,,,,,,,,,,,,,,,,,,
31,2aB - 1,2a,OAW,MP+,OAW MP+,10/20/20,30.16,6.31,35.91,7.919,,,,,,,,,,,,,,,,,,,,,,
32,12A - 1,12,OAW,Control,OAW Control,10/20/20,30.16,6.31,35.4,7.914,,,,,,,,,,,,,,,,,,,,,,
33,2aD - 1,2a,AMB,Control,AMB Control,10/20/20,28.64,6.5,34.84,8.103,,,,,,,,,,,,,,,,,,,,,,
34,2D - 1,2,OAW,MP+,OAW MP+,10/20/20,30.16,6.26,36.34,7.934,,,,,,,,,,,,,,,,,,,,,,
35,6E - 1,6,OAW,Control,OAW Control,10/20/20,30.17,6.33,35.09,7.931,,,,,,,,,,,,,,,,,,,,,,
36,2aC - 1,2a,AMB,MP+,AMB MP+,10/20/20,28.62,6.49,34.67,8.047,,,,,,,,,,,,,,,,,,,,,,
1,15E - 1,15,AMB,MP+,AMB MP+,10/21/20,28.64,6.49,35.35,8.019,,,,,,,,,,,,,,,,,,,,,,
2,10aA - 1,10a,OAW,MP+,OAW MP+,10/21/20,30.44,6.3,35.74,7.972,,,,,,,,,,,,,,,,,,,,,,
3,5aC - 2,5a,AMB,Control,AMB Control,10/21/20,28.63,6.54,34.69,8.059,,,,,,,,,,,,,,,,,,,,,,
4,15E - 2,15,OAW,Control,OAW Control,10/21/20,30.41,6.43,32.68,7.981,,,,,,,,,,,,,,,,,,,,,,
5,15C - 1,15,OAW,MP+,OAW MP+,10/21/20,30.19,6.36,35.55,7.978,,,,,,,,,,,,,,,,,,,,,,
6,10aB - 1,10a,AMB,MP+,AMB MP+,10/21/20,28.56,6.38,33.84,8.083,,,,,,,,,,,,,,,,,,,,,,
7,15E - 3,15,AMB,Control,AMB Control,10/21/20,28.62,6.5,35.08,8.088,,,,,,,,,,,,,,,,,,,,,,
8,6D - 1,6,AMB,Control,AMB Control,10/21/20,28.64,6.46,35.31,8.075,,,,,,,,,,,,,,,,,,,,,,
9,5aC - 1,5a,OAW,Control,OAW Control,10/21/20,30.40,6.31,34.6,7.936,,,,,,,,,,,,,,,,,,,,,,
10,6B - 2,6,OAW,MP+,OAW MP+,10/21/20,30.39,6.32,36.05,7.940,,,,,,,,,,,,,,,,,,,,,,
11,5B - 1,5,OAW,Control,OAW Control,10/21/20,30.41,6.33,34.65,7.998,,,,,,,,,,,,,,,,,,,,,,
12,5aE - 1,5a,AMB,MP+,AMB MP+,10/21/20,28.62,6.52,33.96,8.066,,,,,,,,,,,,,,,,,,,,,,
13,11E - 2,11,OAW,MP+,OAW MP+,10/21/20,30.41,6.34,33.73,7.929,,,,,,,,,,,,,,,,,,,,,,
14,12E - 1,12,AMB,Control,AMB Control,10/21/20,28.64,6.59,33.78,8.077,,,,,,,,,,,,,,,,,,,,,,
15,2E - 1,2,AMB,MP+,AMB MP+,10/21/20,28.65,6.6,33,8.077,,,,,,,,,,,,,,,,,,,,,,
16,2B - 1,2,AMB,Control,AMB Control,10/21/20,28.64,6.56,34.43,8.018,,,,,,,,,,,,,,,,,,,,,,
17,6B - 1,6,AMB,MP+,AMB MP+,10/21/20,28.64,6.58,33.56,8.094,,,,,,,,,,,,,,,,,,,,,,
18,2aE - 1,2a,OAW,Control,OAW Control,10/21/20,30.41,6.33,35.19,7.953,,,,,,,,,,,,,,,,,,,,,,
19,10aC - 1,10a,OAW,Control,OAW Control,10/21/20,30.40,6.45,31.49,7.986,,,,,,,,,,,,,,,,,,,,,,
20,12E - 2,12,AMB,MP+,AMB MP+,10/21/20,28.64,6.58,34.31,8.056,,,,,,,,,,,,,,,,,,,,,,
21,11E - 1,11,OAW,Control,OAW Control,10/21/20,29.36,6.5,33.61,7.958,,,,,,,,,,,,,,,,,,,,,,
22,5aA - 1,5a,OAW,MP+,OAW MP+,10/21/20,30.39,6.36,34.14,7.950,,,,,,,,,,,,,,,,,,,,,,
23,5D - 1,5,AMB,Control,AMB Control,10/21/20,28.62,6.53,32.44,8.084,,,,,,,,,,,,,,,,,,,,,,
24,12B - 1,12,OAW,MP+,OAW MP+,10/21/20,30.38,6.33,34.8,8.081,,,,,,,,,,,,,,,,,,,,,,
25,5C - 1,5,AMB,MP+,AMB MP+,10/21/20,28.63,6.46,35.67,8.032,,,,,,,,,,,,,,,,,,,,,,
26,10aD - 1,10a,AMB,Control,AMB Control,10/21/20,28.63,6.48,36.04,8.064,,,,,,,,,,,,,,,,,,,,,,
27,11A - 1,11,AMB,MP+,AMB MP+,10/21/20,28.63,6.47,36.2,8.047,,,,,,,,,,,,,,,,,,,,,,
28,5C - 2,5,OAW,MP+,OAW MP+,10/21/20,30.42,6.3,34.9,7.926,,,,,,,,,,,,,,,,,,,,,,
29,2A - 1,2,OAW,Control,OAW Control,10/21/20,30.40,6.4,32.43,7.961,,,,,,,,,,,,,,,,,,,,,,
30,11B - 1,11,AMB,Control,AMB Control,10/21/20,28.64,6.47,33.95,8.052,,,,,,,,,,,,,,,,,,,,,,
31,2aB - 1,2a,OAW,MP+,OAW MP+,10/21/20,30.40,6.34,34.94,7.939,,,,,,,,,,,,,,,,,,,,,,
32,12A - 1,12,OAW,Control,OAW Control,10/21/20,30.38,6.31,35.44,7.810,,,,,,,,,,,,,,,,,,,,,,
33,2aD - 1,2a,AMB,Control,AMB Control,10/21/20,28.63,6.54,33.51,8.065,,,,,,,,,,,,,,,,,,,,,,
34,2D - 1,2,OAW,MP+,OAW MP+,10/21/20,30.41,6.32,34.94,7.953,,,,,,,,,,,,,,,,,,,,,,
35,6E - 1,6,OAW,Control,OAW Control,10/21/20,30.41,6.38,33.7,8.012,,,,,,,,,,,,,,,,,,,,,,
36,2aC - 1,2a,AMB,MP+,AMB MP+,10/21/20,28.63,6.56,32.55,8.048,,,,,,,,,,,,,,,,,,,,,,
1,15E - 1,15,AMB,MP+,AMB MP+,10/22/20,28.62,6.4,35.94,8.036,,,,,,,,,,,,,,,,,,,,,,
2,10aA - 1,10a,OAW,MP+,OAW MP+,10/22/20,30.38,6.22,36.58,7.935,,,,,,,,,,,,,,,,,,,,,,
3,5aC - 2,5a,AMB,Control,AMB Control,10/22/20,28.63,6.43,35.26,7.981,,,,,,,,,,,,,,,,,,,,,,
4,15E - 2,15,OAW,Control,OAW Control,10/22/20,30.35,6.34,32.09,7.932,,,,,,,,,,,,,,,,,,,,,,
5,15C - 1,15,OAW,MP+,OAW MP+,10/22/20,30.21,6.31,33.35,7.898,,,,,,,,,,,,,,,,,,,,,,
6,10aB - 1,10a,AMB,MP+,AMB MP+,10/22/20,28.55,6.42,32.58,8.030,,,,,,,,,,,,,,,,,,,,,,
7,15E - 3,15,AMB,Control,AMB Control,10/22/20,28.60,6.44,34.83,8.029,,,,,,,,,,,,,,,,,,,,,,
8,6D - 1,6,AMB,Control,AMB Control,10/22/20,28.61,6.45,34.93,8.023,,,,,,,,,,,,,,,,,,,,,,
9,5aC - 1,5a,OAW,Control,OAW Control,10/22/20,30.34,6.26,34.17,7.905,,,,,,,,,,,,,,,,,,,,,,
10,6B - 2,6,OAW,MP+,OAW MP+,10/22/20,30.34,6.14,36.12,7.883,,,,,,,,,,,,,,,,,,,,,,
11,5B - 1,5,OAW,Control,OAW Control,10/22/20,30.36,6.28,34.8,7.907,,,,,,,,,,,,,,,,,,,,,,
12,5aE - 1,5a,AMB,MP+,AMB MP+,10/22/20,28.60,6.5,34.04,8.025,,,,,,,,,,,,,,,,,,,,,,
13,11E - 2,11,OAW,MP+,OAW MP+,10/22/20,30.39,6.34,32.89,7.860,,,,,,,,,,,,,,,,,,,,,,
14,12E - 1,12,AMB,Control,AMB Control,10/22/20,28.62,6.54,33.7,8.027,,,,,,,,,,,,,,,,,,,,,,
15,2E - 1,2,AMB,MP+,AMB MP+,10/22/20,28.62,6.51,33.55,8.015,,,,,,,,,,,,,,,,,,,,,,
16,2B - 1,2,AMB,Control,AMB Control,10/22/20,28.62,6.47,34.14,7.951,,,,,,,,,,,,,,,,,,,,,,
17,6B - 1,6,AMB,MP+,AMB MP+,10/22/20,28.65,6.62,30.56,8.027,,,,,,,,,,,,,,,,,,,,,,
18,2aE - 1,2a,OAW,Control,OAW Control,10/22/20,30.35,6.25,35.43,7.923,,,,,,,,,,,,,,,,,,,,,,
19,10aC - 1,10a,OAW,Control,OAW Control,10/22/20,30.35,6.35,32.39,7.919,,,,,,,,,,,,,,,,,,,,,,
20,12E - 2,12,AMB,MP+,AMB MP+,10/22/20,28.62,6.51,34.22,7.997,,,,,,,,,,,,,,,,,,,,,,
21,11E - 1,11,OAW,Control,OAW Control,10/22/20,29.31,6.45,33.55,7.927,,,,,,,,,,,,,,,,,,,,,,
22,5aA - 1,5a,OAW,MP+,OAW MP+,10/22/20,30.35,6.36,33.73,7.922,,,,,,,,,,,,,,,,,,,,,,
23,5D - 1,5,AMB,Control,AMB Control,10/22/20,28.61,6.6,31.06,8.030,,,,,,,,,,,,,,,,,,,,,,
24,12B - 1,12,OAW,MP+,OAW MP+,10/22/20,30.32,6.31,34.49,8.210,,,,,,,,,,,,,,,,,,,,,,
25,5C - 1,5,AMB,MP+,AMB MP+,10/22/20,28.60,6.43,35.43,7.979,,,,,,,,,,,,,,,,,,,,,,
26,10aD - 1,10a,AMB,Control,AMB Control,10/22/20,28.61,6.49,34.62,8.014,,,,,,,,,,,,,,,,,,,,,,
27,11A - 1,11,AMB,MP+,AMB MP+,10/22/20,28.61,6.43,35.05,7.994,,,,,,,,,,,,,,,,,,,,,,
28,5C - 2,5,OAW,MP+,OAW MP+,10/22/20,30.35,6.34,32.58,7.898,,,,,,,,,,,,,,,,,,,,,,
29,2A - 1,2,OAW,Control,OAW Control,10/22/20,30.36,6.39,31.41,7.889,,,,,,,,,,,,,,,,,,,,,,
30,11B - 1,11,AMB,Control,AMB Control,10/22/20,28.61,6.51,31.79,7.981,,,,,,,,,,,,,,,,,,,,,,
31,2aB - 1,2a,OAW,MP+,OAW MP+,10/22/20,30.35,6.33,34.84,7.916,,,,,,,,,,,,,,,,,,,,,,
32,12A - 1,12,OAW,Control,OAW Control,10/22/20,30.34,6.31,34.22,8.000,,,,,,,,,,,,,,,,,,,,,,
33,2aD - 1,2a,AMB,Control,AMB Control,10/22/20,28.62,6.49,34.12,7.988,,,,,,,,,,,,,,,,,,,,,,
34,2D - 1,2,OAW,MP+,OAW MP+,10/22/20,30.37,6.27,34.55,7.932,,,,,,,,,,,,,,,,,,,,,,
35,6E - 1,6,OAW,Control,OAW Control,10/22/20,30.35,6.35,33.03,7.936,,,,,,,,,,,,,,,,,,,,,,
36,2aC - 1,2a,AMB,MP+,AMB MP+,10/22/20,28.61,6.54,32.59,7.986,,,,,,,,,,,,,,,,,,,,,,
1,15E - 1,15,AMB,MP+,AMB MP+,10/23/20,28.63,6.35,36.65,8.051,,,,,,,,,,,,,,,,,,,,,,
2,10aA - 1,10a,OAW,MP+,OAW MP+,10/23/20,30.44,6.11,37.77,7.926,,,,,,,,,,,,,,,,,,,,,,
3,5aC - 2,5a,AMB,Control,AMB Control,10/23/20,28.64,6.3,36.61,7.991,,,,,,,,,,,,,,,,,,,,,,
4,15E - 2,15,OAW,Control,OAW Control,10/23/20,30.41,6.18,34.1,7.931,,,,,,,,,,,,,,,,,,,,,,
5,15C - 1,15,OAW,MP+,OAW MP+,10/23/20,30.18,6.14,35.29,7.879,,,,,,,,,,,,,,,,,,,,,,
6,10aB - 1,10a,AMB,MP+,AMB MP+,10/23/20,28.58,6.14,34.41,8.031,,,,,,,,,,,,,,,,,,,,,,
7,15E - 3,15,AMB,Control,AMB Control,10/23/20,28.62,6.34,36.22,8.018,,,,,,,,,,,,,,,,,,,,,,
8,6D - 1,6,AMB,Control,AMB Control,10/23/20,28.63,6.33,36.48,8.045,,,,,,,,,,,,,,,,,,,,,,
9,5aC - 1,5a,OAW,Control,OAW Control,10/23/20,30.42,6.08,36.14,7.874,,,,,,,,,,,,,,,,,,,,,,
10,6B - 2,6,OAW,MP+,OAW MP+,10/23/20,30.41,6.09,37.15,7.904,,,,,,,,,,,,,,,,,,,,,,
11,5B - 1,5,OAW,Control,OAW Control,10/23/20,30.40,6.14,36.38,7.936,,,,,,,,,,,,,,,,,,,,,,
12,5aE - 1,5a,AMB,MP+,AMB MP+,10/23/20,28.62,6.34,35.87,8.055,,,,,,,,,,,,,,,,,,,,,,
13,11E - 2,11,OAW,MP+,OAW MP+,10/23/20,30.41,6.27,35.08,7.806,,,,,,,,,,,,,,,,,,,,,,
14,12E - 1,12,AMB,Control,AMB Control,10/23/20,28.65,6.38,35.22,8.017,,,,,,,,,,,,,,,,,,,,,,
15,2E - 1,2,AMB,MP+,AMB MP+,10/23/20,28.65,6.41,35.09,8.030,,,,,,,,,,,,,,,,,,,,,,
16,2B - 1,2,AMB,Control,AMB Control,10/23/20,28.64,6.35,35.65,7.985,,,,,,,,,,,,,,,,,,,,,,
17,6B - 1,6,AMB,MP+,AMB MP+,10/23/20,28.67,6.51,32.81,8.087,,,,,,,,,,,,,,,,,,,,,,
18,2aE - 1,2a,OAW,Control,OAW Control,10/23/20,30.39,6.18,36.63,7.902,,,,,,,,,,,,,,,,,,,,,,
19,10aC - 1,10a,OAW,Control,OAW Control,10/23/20,30.40,6.22,34.36,7.911,,,,,,,,,,,,,,,,,,,,,,
20,12E - 2,12,AMB,MP+,AMB MP+,10/23/20,28.64,6.33,35.82,8.002,,,,,,,,,,,,,,,,,,,,,,
21,11E - 1,11,OAW,Control,OAW Control,10/23/20,29.39,6.29,35.32,7.883,,,,,,,,,,,,,,,,,,,,,,
22,5aA - 1,5a,OAW,MP+,OAW MP+,10/23/20,30.40,6.25,35.55,7.907,,,,,,,,,,,,,,,,,,,,,,
23,5D - 1,5,AMB,Control,AMB Control,10/23/20,28.64,6.48,33.34,8.086,,,,,,,,,,,,,,,,,,,,,,
24,12B - 1,12,OAW,MP+,OAW MP+,10/23/20,30.38,6.26,36.28,8.087,,,,,,,,,,,,,,,,,,,,,,
25,5C - 1,5,AMB,MP+,AMB MP+,10/23/20,28.62,6.32,37.05,8.018,,,,,,,,,,,,,,,,,,,,,,
26,10aD - 1,10a,AMB,Control,AMB Control,10/23/20,28.64,6.33,36.28,8.014,,,,,,,,,,,,,,,,,,,,,,
27,11A - 1,11,AMB,MP+,AMB MP+,10/23/20,28.63,6.32,36.52,8.015,,,,,,,,,,,,,,,,,,,,,,
28,5C - 2,5,OAW,MP+,OAW MP+,10/23/20,30.40,6.42,34.58,7.884,,,,,,,,,,,,,,,,,,,,,,
29,2A - 1,2,OAW,Control,OAW Control,10/23/20,30.41,6.29,33.55,7.868,,,,,,,,,,,,,,,,,,,,,,
30,11B - 1,11,AMB,Control,AMB Control,10/23/20,28.63,6.38,33.91,8.033,,,,,,,,,,,,,,,,,,,,,,
31,2aB - 1,2a,OAW,MP+,OAW MP+,10/23/20,30.38,6.22,36.47,7.247,,,,,,,,,,,,,,,,,,,,,,
32,12A - 1,12,OAW,Control,OAW Control,10/23/20,30.38,6.21,36.06,8.003,,,,,,,,,,,,,,,,,,,,,,
33,2aD - 1,2a,AMB,Control,AMB Control,10/23/20,28.63,6.37,35.81,8.045,,,,,,,,,,,,,,,,,,,,,,
34,2D - 1,2,OAW,MP+,OAW MP+,10/23/20,30.40,6.18,36.21,7.912,,,,,,,,,,,,,,,,,,,,,,
35,6E - 1,6,OAW,Control,OAW Control,10/23/20,30.39,6.25,35.08,7.923,,,,,,,,,,,,,,,,,,,,,,
36,2aC - 1,2a,AMB,MP+,AMB MP+,10/23/20,28.65,6.39,34.48,7.988,,,,,,,,,,,,,,,,,,,,,,
1,15E - 1,15,AMB,MP+,AMB MP+,10/24/20,28.59,6.44,36.14,8.076,,,,,,,,,,,,,,,,,,,,,,
2,10aA - 1,10a,OAW,MP+,OAW MP+,10/24/20,30.43,6.29,36.82,7.928,,,,,,,,,,,,,,,,,,,,,,
3,5aC - 2,5a,AMB,Control,AMB Control,10/24/20,28.64,6.52,34.71,7.997,,,,,,,,,,,,,,,,,,,,,,
4,15E - 2,15,OAW,Control,OAW Control,10/24/20,30.34,6.34,33.47,7.906,,,,,,,,,,,,,,,,,,,,,,
5,15C - 1,15,OAW,MP+,OAW MP+,10/24/20,30.17,6.41,33.88,7.916,,,,,,,,,,,,,,,,,,,,,,
6,10aB - 1,10a,AMB,MP+,AMB MP+,10/24/20,28.57,6.49,32.23,8.087,,,,,,,,,,,,,,,,,,,,,,
7,15E - 3,15,AMB,Control,AMB Control,10/24/20,28.58,6.44,35.49,8.065,,,,,,,,,,,,,,,,,,,,,,
8,6D - 1,6,AMB,Control,AMB Control,10/24/20,28.60,6.42,36.13,8.068,,,,,,,,,,,,,,,,,,,,,,
9,5aC - 1,5a,OAW,Control,OAW Control,10/24/20,30.37,6.36,35.42,7.914,,,,,,,,,,,,,,,,,,,,,,
10,6B - 2,6,OAW,MP+,OAW MP+,10/24/20,30.35,6.23,36.78,7.943,,,,,,,,,,,,,,,,,,,,,,
11,5B - 1,5,OAW,Control,OAW Control,10/24/20,30.33,6.29,34.9,7.933,,,,,,,,,,,,,,,,,,,,,,
12,5aE - 1,5a,AMB,MP+,AMB MP+,10/24/20,28.61,6.49,35.14,8.078,,,,,,,,,,,,,,,,,,,,,,
13,11E - 2,11,OAW,MP+,OAW MP+,10/24/20,30.37,6.38,32.53,7.927,,,,,,,,,,,,,,,,,,,,,,
14,12E - 1,12,AMB,Control,AMB Control,10/24/20,28.62,6.62,34.7,8.091,,,,,,,,,,,,,,,,,,,,,,
15,2E - 1,2,AMB,MP+,AMB MP+,10/24/20,28.64,6.5,34.86,8.060,,,,,,,,,,,,,,,,,,,,,,
16,2B - 1,2,AMB,Control,AMB Control,10/24/20,28.63,6.59,34.59,8.034,,,,,,,,,,,,,,,,,,,,,,
17,6B - 1,6,AMB,MP+,AMB MP+,10/24/20,28.62,6.63,31.57,8.113,,,,,,,,,,,,,,,,,,,,,,
18,2aE - 1,2a,OAW,Control,OAW Control,10/24/20,30.33,6.25,35.91,7.928,,,,,,,,,,,,,,,,,,,,,,
19,10aC - 1,10a,OAW,Control,OAW Control,10/24/20,30.33,6.42,33.54,7.939,,,,,,,,,,,,,,,,,,,,,,
20,12E - 2,12,AMB,MP+,AMB MP+,10/24/20,28.63,6.58,35.89,8.028,,,,,,,,,,,,,,,,,,,,,,
21,11E - 1,11,OAW,Control,OAW Control,10/24/20,29.37,6.46,34.77,7.921,,,,,,,,,,,,,,,,,,,,,,
22,5aA - 1,5a,OAW,MP+,OAW MP+,10/24/20,30.36,6.32,34.83,7.940,,,,,,,,,,,,,,,,,,,,,,
23,5D - 1,5,AMB,Control,AMB Control,10/24/20,28.61,6.48,33.58,8.089,,,,,,,,,,,,,,,,,,,,,,
24,12B - 1,12,OAW,MP+,OAW MP+,10/24/20,30.36,6.29,35.05,8.105,,,,,,,,,,,,,,,,,,,,,,
25,5C - 1,5,AMB,MP+,AMB MP+,10/24/20,28.60,6.43,36.7,8.052,,,,,,,,,,,,,,,,,,,,,,
26,10aD - 1,10a,AMB,Control,AMB Control,10/24/20,28.60,6.56,35.02,8.034,,,,,,,,,,,,,,,,,,,,,,
27,11A - 1,11,AMB,MP+,AMB MP+,10/24/20,28.61,6.48,34.95,8.059,,,,,,,,,,,,,,,,,,,,,,
28,5C - 2,5,OAW,MP+,OAW MP+,10/24/20,30.30,6.34,32.94,7.925,,,,,,,,,,,,,,,,,,,,,,
29,2A - 1,2,OAW,Control,OAW Control,10/24/20,30.37,6.35,32.67,7.896,,,,,,,,,,,,,,,,,,,,,,
30,11B - 1,11,AMB,Control,AMB Control,10/24/20,28.59,6.55,31.51,8.060,,,,,,,,,,,,,,,,,,,,,,
31,2aB - 1,2a,OAW,MP+,OAW MP+,10/24/20,30.34,6.26,35.34,7.310,,,,,,,,,,,,,,,,,,,,,,
32,12A - 1,12,OAW,Control,OAW Control,10/24/20,30.28,6.28,34.6,7.926,,,,,,,,,,,,,,,,,,,,,,
33,2aD - 1,2a,AMB,Control,AMB Control,10/24/20,28.59,6.46,34.97,8.079,,,,,,,,,,,,,,,,,,,,,,
34,2D - 1,2,OAW,MP+,OAW MP+,10/24/20,30.35,6.31,35.58,7.949,,,,,,,,,,,,,,,,,,,,,,
35,6E - 1,6,OAW,Control,OAW Control,10/24/20,30.34,6.36,33.39,7.933,,,,,,,,,,,,,,,,,,,,,,
36,2aC - 1,2a,AMB,MP+,AMB MP+,10/24/20,28.61,6.57,34.04,8.045,,,,,,,,,,,,,,,,,,,,,,
1,15E - 1,15,AMB,MP+,AMB MP+,10/25/20,28.64,6.38,37,8.043,,,,,,,,,,,,,,,,,,,,,,
2,10aA - 1,10a,OAW,MP+,OAW MP+,10/25/20,30.43,6.26,37.7,7.916,,,,,,,,,,,,,,,,,,,,,,
3,5aC - 2,5a,AMB,Control,AMB Control,10/25/20,28.65,6.54,36.29,8.007,,,,,,,,,,,,,,,,,,,,,,
4,15E - 2,15,OAW,Control,OAW Control,10/25/20,30.41,6.31,35.2,7.932,,,,,,,,,,,,,,,,,,,,,,
5,15C - 1,15,OAW,MP+,OAW MP+,10/25/20,30.22,6.41,35.5,7.877,,,,,,,,,,,,,,,,,,,,,,
6,10aB - 1,10a,AMB,MP+,AMB MP+,10/25/20,28.58,6.26,34.33,8.031,,,,,,,,,,,,,,,,,,,,,,
7,15E - 3,15,AMB,Control,AMB Control,10/25/20,28.63,6.42,36.84,8.061,,,,,,,,,,,,,,,,,,,,,,
8,6D - 1,6,AMB,Control,AMB Control,10/25/20,28.63,6.37,37.48,8.058,,,,,,,,,,,,,,,,,,,,,,
9,5aC - 1,5a,OAW,Control,OAW Control,10/25/20,30.39,6.33,37.04,7.936,,,,,,,,,,,,,,,,,,,,,,
10,6B - 2,6,OAW,MP+,OAW MP+,10/25/20,30.39,6.23,38,7.925,,,,,,,,,,,,,,,,,,,,,,
11,5B - 1,5,OAW,Control,OAW Control,10/25/20,30.41,6.28,36.51,7.911,,,,,,,,,,,,,,,,,,,,,,
12,5aE - 1,5a,AMB,MP+,AMB MP+,10/25/20,28.63,6.43,36.53,8.079,,,,,,,,,,,,,,,,,,,,,,
13,11E - 2,11,OAW,MP+,OAW MP+,10/25/20,30.43,6.32,34.73,7.907,,,,,,,,,,,,,,,,,,,,,,
14,12E - 1,12,AMB,Control,AMB Control,10/25/20,28.64,6.53,36.21,8.077,,,,,,,,,,,,,,,,,,,,,,
15,2E - 1,2,AMB,MP+,AMB MP+,10/25/20,28.66,6.5,36.29,8.050,,,,,,,,,,,,,,,,,,,,,,
16,2B - 1,2,AMB,Control,AMB Control,10/25/20,28.64,6.56,36.11,8.021,,,,,,,,,,,,,,,,,,,,,,
17,6B - 1,6,AMB,MP+,AMB MP+,10/25/20,28.63,6.56,33.59,8.102,,,,,,,,,,,,,,,,,,,,,,
18,2aE - 1,2a,OAW,Control,OAW Control,10/25/20,30.40,6.23,37.16,7.941,,,,,,,,,,,,,,,,,,,,,,
19,10aC - 1,10a,OAW,Control,OAW Control,10/25/20,30.40,6.39,35.38,7.940,,,,,,,,,,,,,,,,,,,,,,
20,12E - 2,12,AMB,MP+,AMB MP+,10/25/20,28.65,6.62,37,8.005,,,,,,,,,,,,,,,,,,,,,,
21,11E - 1,11,OAW,Control,OAW Control,10/25/20,29.44,6.42,36.39,7.909,,,,,,,,,,,,,,,,,,,,,,
22,5aA - 1,5a,OAW,MP+,OAW MP+,10/25/20,30.41,6.26,36.33,7.934,,,,,,,,,,,,,,,,,,,,,,
23,5D - 1,5,AMB,Control,AMB Control,10/25/20,28.61,6.44,35.25,8.092,,,,,,,,,,,,,,,,,,,,,,
24,12B - 1,12,OAW,MP+,OAW MP+,10/25/20,30.34,6.2,36.52,8.073,,,,,,,,,,,,,,,,,,,,,,
25,5C - 1,5,AMB,MP+,AMB MP+,10/25/20,28.63,6.4,37.92,8.040,,,,,,,,,,,,,,,,,,,,,,
26,10aD - 1,10a,AMB,Control,AMB Control,10/25/20,28.65,6.56,36.56,8.053,,,,,,,,,,,,,,,,,,,,,,
27,11A - 1,11,AMB,MP+,AMB MP+,10/25/20,28.63,6.5,36.42,8.055,,,,,,,,,,,,,,,,,,,,,,
28,5C - 2,5,OAW,MP+,OAW MP+,10/25/20,30.43,6.28,35.52,7.953,,,,,,,,,,,,,,,,,,,,,,
29,2A - 1,2,OAW,Control,OAW Control,10/25/20,30.42,6.29,34.75,7.923,,,,,,,,,,,,,,,,,,,,,,
30,11B - 1,11,AMB,Control,AMB Control,10/25/20,28.65,6.44,34.01,8.065,,,,,,,,,,,,,,,,,,,,,,
31,2aB - 1,2a,OAW,MP+,OAW MP+,10/25/20,30.41,6.22,36.93,7.565,,,,,,,,,,,,,,,,,,,,,,
32,12A - 1,12,OAW,Control,OAW Control,10/25/20,30.39,6.23,36.63,7.917,,,,,,,,,,,,,,,,,,,,,,
33,2aD - 1,2a,AMB,Control,AMB Control,10/25/20,28.63,6.42,36.43,8.082,,,,,,,,,,,,,,,,,,,,,,
34,2D - 1,2,OAW,MP+,OAW MP+,10/25/20,30.41,6.33,36.44,7.899,,,,,,,,,,,,,,,,,,,,,,
35,6E - 1,6,OAW,Control,OAW Control,10/25/20,30.43,6.31,35.5,7.906,,,,,,,,,,,,,,,,,,,,,,
36,2aC - 1,2a,AMB,MP+,AMB MP+,10/25/20,28.64,6.6,35.69,8.041,,,,,,,,,,,,,,,,,,,,,,
1,15E - 1,15,AMB,MP+,AMB MP+,10/26/20,28.62,6.35,37.05,8.037,,,,,,,,,,,,,,,,,,,,,,
2,10aA - 1,10a,OAW,MP+,OAW MP+,10/26/20,30.46,6.19,36.7,7.924,,,,,,,,,,,,,,,,,,,,,,
3,5aC - 2,5a,AMB,Control,AMB Control,10/26/20,28.64,6.39,35.06,8.019,,,,,,,,,,,,,,,,,,,,,,
4,15E - 2,15,OAW,Control,OAW Control,10/26/20,30.43,6.26,33.97,7.936,,,,,,,,,,,,,,,,,,,,,,
5,15C - 1,15,OAW,MP+,OAW MP+,10/26/20,30.22,6.26,33.84,7.916,,,,,,,,,,,,,,,,,,,,,,
6,10aB - 1,10a,AMB,MP+,AMB MP+,10/26/20,28.62,6.34,33.97,8.046,,,,,,,,,,,,,,,,,,,,,,
7,15E - 3,15,AMB,Control,AMB Control,10/26/20,28.58,6.42,35.84,8.073,,,,,,,,,,,,,,,,,,,,,,
8,6D - 1,6,AMB,Control,AMB Control,10/26/20,28.62,6.38,36.33,8.051,,,,,,,,,,,,,,,,,,,,,,
9,5aC - 1,5a,OAW,Control,OAW Control,10/26/20,30.39,6.23,34.01,7.959,,,,,,,,,,,,,,,,,,,,,,
10,6B - 2,6,OAW,MP+,OAW MP+,10/26/20,30.40,6.21,35.89,7.884,,,,,,,,,,,,,,,,,,,,,,
11,5B - 1,5,OAW,Control,OAW Control,10/26/20,30.38,6.19,37.13,7.964,,,,,,,,,,,,,,,,,,,,,,
12,5aE - 1,5a,AMB,MP+,AMB MP+,10/26/20,28.61,6.43,35.55,8.073,,,,,,,,,,,,,,,,,,,,,,
13,11E - 2,11,OAW,MP+,OAW MP+,10/26/20,30.41,6.28,33.82,7.898,,,,,,,,,,,,,,,,,,,,,,
14,12E - 1,12,AMB,Control,AMB Control,10/26/20,28.64,6.41,35.67,8.074,,,,,,,,,,,,,,,,,,,,,,
15,2E - 1,2,AMB,MP+,AMB MP+,10/26/20,28.65,6.4,36.73,8.053,,,,,,,,,,,,,,,,,,,,,,
16,2B - 1,2,AMB,Control,AMB Control,10/26/20,28.61,6.38,35.55,8.010,,,,,,,,,,,,,,,,,,,,,,
17,6B - 1,6,AMB,MP+,AMB MP+,10/26/20,28.62,6.59,31.62,8.084,,,,,,,,,,,,,,,,,,,,,,
18,2aE - 1,2a,OAW,Control,OAW Control,10/26/20,30.36,6.19,36.21,7.921,,,,,,,,,,,,,,,,,,,,,,
19,10aC - 1,10a,OAW,Control,OAW Control,10/26/20,30.37,6.26,34.3,7.930,,,,,,,,,,,,,,,,,,,,,,
20,12E - 2,12,AMB,MP+,AMB MP+,10/26/20,28.62,6.36,36.13,8.008,,,,,,,,,,,,,,,,,,,,,,
21,11E - 1,11,OAW,Control,OAW Control,10/26/20,29.44,6.33,34.88,7.903,,,,,,,,,,,,,,,,,,,,,,
22,5aA - 1,5a,OAW,MP+,OAW MP+,10/26/20,30.39,6.26,35.7,7.936,,,,,,,,,,,,,,,,,,,,,,
23,5D - 1,5,AMB,Control,AMB Control,10/26/20,28.61,6.44,34.04,8.068,,,,,,,,,,,,,,,,,,,,,,
24,12B - 1,12,OAW,MP+,OAW MP+,10/26/20,30.37,6.36,31.93,8.004,,,,,,,,,,,,,,,,,,,,,,
25,5C - 1,5,AMB,MP+,AMB MP+,10/26/20,28.59,6.39,36.41,8.022,,,,,,,,,,,,,,,,,,,,,,
26,10aD - 1,10a,AMB,Control,AMB Control,10/26/20,28.61,6.44,35.35,8.050,,,,,,,,,,,,,,,,,,,,,,
27,11A - 1,11,AMB,MP+,AMB MP+,10/26/20,28.61,6.41,36.25,8.059,,,,,,,,,,,,,,,,,,,,,,
28,5C - 2,5,OAW,MP+,OAW MP+,10/26/20,30.42,6.3,33.65,7.922,,,,,,,,,,,,,,,,,,,,,,
29,2A - 1,2,OAW,Control,OAW Control,10/26/20,30.42,6.32,33.68,7.919,,,,,,,,,,,,,,,,,,,,,,
30,11B - 1,11,AMB,Control,AMB Control,10/26/20,28.62,6.46,33.23,8.062,,,,,,,,,,,,,,,,,,,,,,
31,2aB - 1,2a,OAW,MP+,OAW MP+,10/26/20,30.40,6.24,36.55,8.027,,,,,,,,,,,,,,,,,,,,,,
32,12A - 1,12,OAW,Control,OAW Control,10/26/20,30.38,6.22,36.33,7.952,,,,,,,,,,,,,,,,,,,,,,
33,2aD - 1,2a,AMB,Control,AMB Control,10/26/20,28.62,6.38,35.99,8.086,,,,,,,,,,,,,,,,,,,,,,
34,2D - 1,2,OAW,MP+,OAW MP+,10/26/20,30.40,6.25,36.17,7.908,,,,,,,,,,,,,,,,,,,,,,
35,6E - 1,6,OAW,Control,OAW Control,10/26/20,30.36,6.31,35,7.906,,,,,,,,,,,,,,,,,,,,,,
36,2aC - 1,2a,AMB,MP+,AMB MP+,10/26/20,28.62,6.39,35.81,8.050,,,,,,,,,,,,,,,,,,,,,,
1,15E - 1,15,AMB,MP+,AMB MP+,10/27/20,28.63,6.29,36.99,8.102,,,,,,,,,,,,,,,,,,,,,,
2,10aA - 1,10a,OAW,MP+,OAW MP+,10/27/20,30.63,6.16,37.11,8.036,,,,,,,,,,,,,,,,,,,,,,
3,5aC - 2,5a,AMB,Control,AMB Control,10/27/20,28.66,6.38,35.62,8.091,,,,,,,,,,,,,,,,,,,,,,
4,15E - 2,15,OAW,Control,OAW Control,10/27/20,30.60,6.18,34.72,8.029,,,,,,,,,,,,,,,,,,,,,,
5,15C - 1,15,OAW,MP+,OAW MP+,10/27/20,30.32,6.22,34.86,7.990,,,,,,,,,,,,,,,,,,,,,,
6,10aB - 1,10a,AMB,MP+,AMB MP+,10/27/20,28.63,6.44,34.98,8.104,,,,,,,,,,,,,,,,,,,,,,
7,15E - 3,15,AMB,Control,AMB Control,10/27/20,28.63,6.4,36.28,8.130,,,,,,,,,,,,,,,,,,,,,,
8,6D - 1,6,AMB,Control,AMB Control,10/27/20,28.63,6.36,36.82,8.106,,,,,,,,,,,,,,,,,,,,,,
9,5aC - 1,5a,OAW,Control,OAW Control,10/27/20,30.61,6.22,35.04,8.058,,,,,,,,,,,,,,,,,,,,,,
10,6B - 2,6,OAW,MP+,OAW MP+,10/27/20,30.59,6.18,36.52,8.014,,,,,,,,,,,,,,,,,,,,,,
11,5B - 1,5,OAW,Control,OAW Control,10/27/20,30.61,6.18,37.34,8.040,,,,,,,,,,,,,,,,,,,,,,
12,5aE - 1,5a,AMB,MP+,AMB MP+,10/27/20,28.61,6.42,36.18,8.121,,,,,,,,,,,,,,,,,,,,,,
13,11E - 2,11,OAW,MP+,OAW MP+,10/27/20,30.61,6.25,34.73,8.001,,,,,,,,,,,,,,,,,,,,,,
14,12E - 1,12,AMB,Control,AMB Control,10/27/20,28.65,6.43,36.19,8.129,,,,,,,,,,,,,,,,,,,,,,
15,2E - 1,2,AMB,MP+,AMB MP+,10/27/20,28.66,6.4,36.95,8.112,,,,,,,,,,,,,,,,,,,,,,
16,2B - 1,2,AMB,Control,AMB Control,10/27/20,28.65,6.38,35.98,8.072,,,,,,,,,,,,,,,,,,,,,,
17,6B - 1,6,AMB,MP+,AMB MP+,10/27/20,28.65,6.52,33.11,8.124,,,,,,,,,,,,,,,,,,,,,,
18,2aE - 1,2a,OAW,Control,OAW Control,10/27/20,30.60,6.21,36.67,8.039,,,,,,,,,,,,,,,,,,,,,,
19,10aC - 1,10a,OAW,Control,OAW Control,10/27/20,30.60,6.2,35.22,8.055,,,,,,,,,,,,,,,,,,,,,,
20,12E - 2,12,AMB,MP+,AMB MP+,10/27/20,28.63,6.38,36.52,8.086,,,,,,,,,,,,,,,,,,,,,,
21,11E - 1,11,OAW,Control,OAW Control,10/27/20,29.47,6.34,35.65,8.019,,,,,,,,,,,,,,,,,,,,,,
22,5aA - 1,5a,OAW,MP+,OAW MP+,10/27/20,30.59,6.24,36.22,8.035,,,,,,,,,,,,,,,,,,,,,,
23,5D - 1,5,AMB,Control,AMB Control,10/27/20,28.63,6.47,34.94,8.137,,,,,,,,,,,,,,,,,,,,,,
24,12B - 1,12,OAW,MP+,OAW MP+,10/27/20,30.57,6.3,33.31,8.096,,,,,,,,,,,,,,,,,,,,,,
25,5C - 1,5,AMB,MP+,AMB MP+,10/27/20,28.64,6.38,36.89,8.014,,,,,,,,,,,,,,,,,,,,,,
26,10aD - 1,10a,AMB,Control,AMB Control,10/27/20,28.63,6.4,36.07,8.090,,,,,,,,,,,,,,,,,,,,,,
27,11A - 1,11,AMB,MP+,AMB MP+,10/27/20,28.63,6.42,36.69,8.109,,,,,,,,,,,,,,,,,,,,,,
28,5C - 2,5,OAW,MP+,OAW MP+,10/27/20,30.60,6.29,34.85,7.976,,,,,,,,,,,,,,,,,,,,,,
29,2A - 1,2,OAW,Control,OAW Control,10/27/20,30.63,6.3,34.65,7.974,,,,,,,,,,,,,,,,,,,,,,
30,11B - 1,11,AMB,Control,AMB Control,10/27/20,28.63,6.47,34.27,8.114,,,,,,,,,,,,,,,,,,,,,,
31,2aB - 1,2a,OAW,MP+,OAW MP+,10/27/20,30.62,6.21,37.11,8.018,,,,,,,,,,,,,,,,,,,,,,
32,12A - 1,12,OAW,Control,OAW Control,10/27/20,30.58,6.23,36.95,8.068,,,,,,,,,,,,,,,,,,,,,,
33,2aD - 1,2a,AMB,Control,AMB Control,10/27/20,28.66,6.43,36.49,8.144,,,,,,,,,,,,,,,,,,,,,,
34,2D - 1,2,OAW,MP+,OAW MP+,10/27/20,30.62,6.26,36.83,8.043,,,,,,,,,,,,,,,,,,,,,,
35,6E - 1,6,OAW,Control,OAW Control,10/27/20,30.61,6.28,35.59,8.012,,,,,,,,,,,,,,,,,,,,,,
36,2aC - 1,2a,AMB,MP+,AMB MP+,10/27/20,28.64,6.44,36.29,8.111,,,,,,,,,,,,,,,,,,,,,,
1,15E - 1,15,AMB,MP+,AMB MP+,10/28/20,28.64,6.37,36.92,7.813,,,,,,,,,,,,,,,,,,,,,,
2,10aA - 1,10a,OAW,MP+,OAW MP+,10/28/20,30.60,6.18,37.11,7.863,,,,,,,,,,,,,,,,,,,,,,
3,5aC - 2,5a,AMB,Control,AMB Control,10/28/20,28.65,6.39,35.31,7.810,,,,,,,,,,,,,,,,,,,,,,
4,15E - 2,15,OAW,Control,OAW Control,10/28/20,30.61,6.25,34.13,7.848,,,,,,,,,,,,,,,,,,,,,,
5,15C - 1,15,OAW,MP+,OAW MP+,10/28/20,30.35,6.28,34.21,7.895,,,,,,,,,,,,,,,,,,,,,,
6,10aB - 1,10a,AMB,MP+,AMB MP+,10/28/20,28.63,6.46,34.15,7.937,,,,,,,,,,,,,,,,,,,,,,
7,15E - 3,15,AMB,Control,AMB Control,10/28/20,28.62,6.47,34.76,7.977,,,,,,,,,,,,,,,,,,,,,,
8,6D - 1,6,AMB,Control,AMB Control,10/28/20,28.62,6.4,36.24,7.931,,,,,,,,,,,,,,,,,,,,,,
9,5aC - 1,5a,OAW,Control,OAW Control,10/28/20,30.59,6.22,34.34,7.823,,,,,,,,,,,,,,,,,,,,,,
10,6B - 2,6,OAW,MP+,OAW MP+,10/28/20,30.60,6.2,36.1,7.840,,,,,,,,,,,,,,,,,,,,,,
11,5B - 1,5,OAW,Control,OAW Control,10/28/20,30.61,6.21,36.44,7.882,,,,,,,,,,,,,,,,,,,,,,
12,5aE - 1,5a,AMB,MP+,AMB MP+,10/28/20,28.63,6.38,35.86,7.960,,,,,,,,,,,,,,,,,,,,,,
13,11E - 2,11,OAW,MP+,OAW MP+,10/28/20,30.61,6.25,34.14,7.827,,,,,,,,,,,,,,,,,,,,,,
14,12E - 1,12,AMB,Control,AMB Control,10/28/20,28.64,6.38,35.66,7.913,,,,,,,,,,,,,,,,,,,,,,
15,2E - 1,2,AMB,MP+,AMB MP+,10/28/20,28.67,6.41,36.67,7.939,,,,,,,,,,,,,,,,,,,,,,
16,2B - 1,2,AMB,Control,AMB Control,10/28/20,28.65,6.38,35.74,7.861,,,,,,,,,,,,,,,,,,,,,,
17,6B - 1,6,AMB,MP+,AMB MP+,10/28/20,28.65,6.55,31.69,7.967,,,,,,,,,,,,,,,,,,,,,,
18,2aE - 1,2a,OAW,Control,OAW Control,10/28/20,30.60,6.22,36.46,7.938,,,,,,,,,,,,,,,,,,,,,,
19,10aC - 1,10a,OAW,Control,OAW Control,10/28/20,30.59,6.22,34.55,7.893,,,,,,,,,,,,,,,,,,,,,,
20,12E - 2,12,AMB,MP+,AMB MP+,10/28/20,28.65,6.38,36.06,7.906,,,,,,,,,,,,,,,,,,,,,,
21,11E - 1,11,OAW,Control,OAW Control,10/28/20,29.48,6.39,33.92,7.864,,,,,,,,,,,,,,,,,,,,,,
22,5aA - 1,5a,OAW,MP+,OAW MP+,10/28/20,30.62,6.26,35.25,7.866,,,,,,,,,,,,,,,,,,,,,,
23,5D - 1,5,AMB,Control,AMB Control,10/28/20,28.63,6.49,33.43,7.886,,,,,,,,,,,,,,,,,,,,,,
24,12B - 1,12,OAW,MP+,OAW MP+,10/28/20,30.59,6.42,30.51,7.901,,,,,,,,,,,,,,,,,,,,,,
25,5C - 1,5,AMB,MP+,AMB MP+,10/28/20,28.65,6.42,35.9,7.926,,,,,,,,,,,,,,,,,,,,,,
26,10aD - 1,10a,AMB,Control,AMB Control,10/28/20,28.62,6.41,35.16,7.913,,,,,,,,,,,,,,,,,,,,,,
27,11A - 1,11,AMB,MP+,AMB MP+,10/28/20,28.64,6.42,35.84,7.947,,,,,,,,,,,,,,,,,,,,,,
28,5C - 2,5,OAW,MP+,OAW MP+,10/28/20,30.60,6.33,32.11,7.847,,,,,,,,,,,,,,,,,,,,,,
29,2A - 1,2,OAW,Control,OAW Control,10/28/20,30.61,6.29,33.94,7.886,,,,,,,,,,,,,,,,,,,,,,
30,11B - 1,11,AMB,Control,AMB Control,10/28/20,28.63,6.46,33.7,7.988,,,,,,,,,,,,,,,,,,,,,,
31,2aB - 1,2a,OAW,MP+,OAW MP+,10/28/20,30.61,6.23,36.69,7.867,,,,,,,,,,,,,,,,,,,,,,
32,12A - 1,12,OAW,Control,OAW Control,10/28/20,30.59,6.22,36.51,7.850,,,,,,,,,,,,,,,,,,,,,,
33,2aD - 1,2a,AMB,Control,AMB Control,10/28/20,28.65,6.41,36.18,7.815,,,,,,,,,,,,,,,,,,,,,,
34,2D - 1,2,OAW,MP+,OAW MP+,10/28/20,30.60,6.27,35.94,7.832,,,,,,,,,,,,,,,,,,,,,,
35,6E - 1,6,OAW,Control,OAW Control,10/28/20,30.61,6.31,35.08,7.879,,,,,,,,,,,,,,,,,,,,,,
36,2aC - 1,2a,AMB,MP+,AMB MP+,10/28/20,28.65,6.42,35.44,7.952,,,,,,,,,,,,,,,,,,,,,,
1,15E - 1,15,AMB,MP+,AMB MP+,10/29/20,28.63,6.29,35.66,8.023,,,,,,,,,,,,,,,,,,,,,,
2,10aA - 1,10a,OAW,MP+,OAW MP+,10/29/20,30.57,6.12,36.87,7.944,,,,,,,,,,,,,,,,,,,,,,
3,5aC - 2,5a,AMB,Control,AMB Control,10/29/20,28.62,6.35,34.7,7.971,,,,,,,,,,,,,,,,,,,,,,
4,15E - 2,15,OAW,Control,OAW Control,10/29/20,30.50,6.12,35.07,7.931,,,,,,,,,,,,,,,,,,,,,,
5,15C - 1,15,OAW,MP+,OAW MP+,10/29/20,30.29,6.18,33.97,7.875,,,,,,,,,,,,,,,,,,,,,,
6,10aB - 1,10a,AMB,MP+,AMB MP+,10/29/20,28.61,6.4,34.05,8.011,,,,,,,,,,,,,,,,,,,,,,
7,15E - 3,15,AMB,Control,AMB Control,10/29/20,28.59,6.42,34.49,8.050,,,,,,,,,,,,,,,,,,,,,,
8,6D - 1,6,AMB,Control,AMB Control,10/29/20,28.59,6.32,36.07,8.020,,,,,,,,,,,,,,,,,,,,,,
9,5aC - 1,5a,OAW,Control,OAW Control,10/29/20,30.54,6.17,34.3,7.988,,,,,,,,,,,,,,,,,,,,,,
10,6B - 2,6,OAW,MP+,OAW MP+,10/29/20,30.51,6.12,36.34,7.894,,,,,,,,,,,,,,,,,,,,,,
11,5B - 1,5,OAW,Control,OAW Control,10/29/20,30.54,6.13,37.27,7.970,,,,,,,,,,,,,,,,,,,,,,
12,5aE - 1,5a,AMB,MP+,AMB MP+,10/29/20,28.60,6.3,36.59,8.035,,,,,,,,,,,,,,,,,,,,,,
13,11E - 2,11,OAW,MP+,OAW MP+,10/29/20,30.56,6.19,34.11,7.925,,,,,,,,,,,,,,,,,,,,,,
14,12E - 1,12,AMB,Control,AMB Control,10/29/20,28.57,6.37,35.35,8.012,,,,,,,,,,,,,,,,,,,,,,
15,2E - 1,2,AMB,MP+,AMB MP+,10/29/20,28.63,6.38,35.78,8.017,,,,,,,,,,,,,,,,,,,,,,
16,2B - 1,2,AMB,Control,AMB Control,10/29/20,28.63,6.29,35.88,7.940,,,,,,,,,,,,,,,,,,,,,,
17,6B - 1,6,AMB,MP+,AMB MP+,10/29/20,28.59,6.55,29.97,8.042,,,,,,,,,,,,,,,,,,,,,,
18,2aE - 1,2a,OAW,Control,OAW Control,10/29/20,30.55,6.18,36.03,8.028,,,,,,,,,,,,,,,,,,,,,,
19,10aC - 1,10a,OAW,Control,OAW Control,10/29/20,30.54,6.16,34.71,7.897,,,,,,,,,,,,,,,,,,,,,,
20,12E - 2,12,AMB,MP+,AMB MP+,10/29/20,28.63,6.3,36.67,7.948,,,,,,,,,,,,,,,,,,,,,,
21,11E - 1,11,OAW,Control,OAW Control,10/29/20,29.44,6.29,34.04,7.896,,,,,,,,,,,,,,,,,,,,,,
22,5aA - 1,5a,OAW,MP+,OAW MP+,10/29/20,30.55,6.2,35.35,7.922,,,,,,,,,,,,,,,,,,,,,,
23,5D - 1,5,AMB,Control,AMB Control,10/29/20,28.60,6.45,33.21,8.067,,,,,,,,,,,,,,,,,,,,,,
24,12B - 1,12,OAW,MP+,OAW MP+,10/29/20,30.36,6.34,29.83,7.936,,,,,,,,,,,,,,,,,,,,,,
25,5C - 1,5,AMB,MP+,AMB MP+,10/29/20,28.60,6.35,36.02,7.982,,,,,,,,,,,,,,,,,,,,,,
26,10aD - 1,10a,AMB,Control,AMB Control,10/29/20,28.61,6.32,35.23,7.971,,,,,,,,,,,,,,,,,,,,,,
27,11A - 1,11,AMB,MP+,AMB MP+,10/29/20,28.62,6.39,35.065,8.007,,,,,,,,,,,,,,,,,,,,,,
28,5C - 2,5,OAW,MP+,OAW MP+,10/29/20,30.50,6.29,31.59,7.933,,,,,,,,,,,,,,,,,,,,,,
29,2A - 1,2,OAW,Control,OAW Control,10/29/20,30.55,6.25,33.57,7.936,,,,,,,,,,,,,,,,,,,,,,
30,11B - 1,11,AMB,Control,AMB Control,10/29/20,28.59,6.46,32.19,8.044,,,,,,,,,,,,,,,,,,,,,,
31,2aB - 1,2a,OAW,MP+,OAW MP+,10/29/20,30.57,6.16,36.62,7.913,,,,,,,,,,,,,,,,,,,,,,
32,12A - 1,12,OAW,Control,OAW Control,10/29/20,30.60,6.16,36.62,7.924,,,,,,,,,,,,,,,,,,,,,,
33,2aD - 1,2a,AMB,Control,AMB Control,10/29/20,28.65,6.39,35.86,8.078,,,,,,,,,,,,,,,,,,,,,,
34,2D - 1,2,OAW,MP+,OAW MP+,10/29/20,30.56,6.19,36.2,7.935,,,,,,,,,,,,,,,,,,,,,,
35,6E - 1,6,OAW,Control,OAW Control,10/29/20,30.54,6.19,35.6,7.937,,,,,,,,,,,,,,,,,,,,,,
36,2aC - 1,2a,AMB,MP+,AMB MP+,10/29/20,28.61,6.36,35.56,8.001,,,,,,,,,,,,,,,,,,,,,,
1,15E - 1,15,AMB,MP+,AMB MP+,10/30/20,28.65,6.4,36.07,8.057,,,,,,,,,,,,,,,,,,,,,,
2,10aA - 1,10a,OAW,MP+,OAW MP+,10/30/20,30.63,6.14,37.28,7.954,,,,,,,,,,,,,,,,,,,,,,
3,5aC - 2,5a,AMB,Control,AMB Control,10/30/20,28.64,6.39,35.59,8.007,,,,,,,,,,,,,,,,,,,,,,
4,15E - 2,15,OAW,Control,OAW Control,10/30/20,30.60,6.19,35.79,7.905,,,,,,,,,,,,,,,,,,,,,,
5,15C - 1,15,OAW,MP+,OAW MP+,10/30/20,30.18,6.28,34.89,7.886,,,,,,,,,,,,,,,,,,,,,,
6,10aB - 1,10a,AMB,MP+,AMB MP+,10/30/20,28.66,6.43,34.9,8.063,,,,,,,,,,,,,,,,,,,,,,
7,15E - 3,15,AMB,Control,AMB Control,10/30/20,28.61,6.46,35.31,8.100,,,,,,,,,,,,,,,,,,,,,,
8,6D - 1,6,AMB,Control,AMB Control,10/30/20,28.63,6.35,36.57,8.063,,,,,,,,,,,,,,,,,,,,,,
9,5aC - 1,5a,OAW,Control,OAW Control,10/30/20,30.60,6.25,35.25,8.041,,,,,,,,,,,,,,,,,,,,,,
10,6B - 2,6,OAW,MP+,OAW MP+,10/30/20,30.62,6.18,36.75,7.937,,,,,,,,,,,,,,,,,,,,,,
11,5B - 1,5,OAW,Control,OAW Control,10/30/20,30.60,6.18,37.6,8.009,,,,,,,,,,,,,,,,,,,,,,
12,5aE - 1,5a,AMB,MP+,AMB MP+,10/30/20,28.62,6.34,37.03,8.072,,,,,,,,,,,,,,,,,,,,,,
13,11E - 2,11,OAW,MP+,OAW MP+,10/30/20,30.60,6.19,35.15,7.937,,,,,,,,,,,,,,,,,,,,,,
14,12E - 1,12,AMB,Control,AMB Control,10/30/20,28.66,6.43,35.9,8.065,,,,,,,,,,,,,,,,,,,,,,
15,2E - 1,2,AMB,MP+,AMB MP+,10/30/20,28.65,6.43,36.21,8.073,,,,,,,,,,,,,,,,,,,,,,
16,2B - 1,2,AMB,Control,AMB Control,10/30/20,28.65,6.32,36.37,7.991,,,,,,,,,,,,,,,,,,,,,,
17,6B - 1,6,AMB,MP+,AMB MP+,10/30/20,28.65,6.51,32.4,8.111,,,,,,,,,,,,,,,,,,,,,,
18,2aE - 1,2a,OAW,Control,OAW Control,10/30/20,30.59,6.21,36.46,8.093,,,,,,,,,,,,,,,,,,,,,,
19,10aC - 1,10a,OAW,Control,OAW Control,10/30/20,30.60,6.19,35.61,7.894,,,,,,,,,,,,,,,,,,,,,,
20,12E - 2,12,AMB,MP+,AMB MP+,10/30/20,28.65,6.3,36.93,7.980,,,,,,,,,,,,,,,,,,,,,,
21,11E - 1,11,OAW,Control,OAW Control,10/30/20,29.51,6.34,35.02,7.889,,,,,,,,,,,,,,,,,,,,,,
22,5aA - 1,5a,OAW,MP+,OAW MP+,10/30/20,30.62,6.21,35.95,7.928,,,,,,,,,,,,,,,,,,,,,,
23,5D - 1,5,AMB,Control,AMB Control,10/30/20,28.63,6.42,34.42,8.119,,,,,,,,,,,,,,,,,,,,,,
24,12B - 1,12,OAW,MP+,OAW MP+,10/30/20,30.56,6.28,32.56,8.066,,,,,,,,,,,,,,,,,,,,,,
25,5C - 1,5,AMB,MP+,AMB MP+,10/30/20,28.62,6.37,36.53,8.049,,,,,,,,,,,,,,,,,,,,,,
26,10aD - 1,10a,AMB,Control,AMB Control,10/30/20,28.63,6.35,35.96,8.011,,,,,,,,,,,,,,,,,,,,,,
27,11A - 1,11,AMB,MP+,AMB MP+,10/30/20,28.63,6.41,35.81,8.062,,,,,,,,,,,,,,,,,,,,,,
28,5C - 2,5,OAW,MP+,OAW MP+,10/30/20,30.60,6.29,33.57,7.906,,,,,,,,,,,,,,,,,,,,,,
29,2A - 1,2,OAW,Control,OAW Control,10/30/20,30.59,6.25,34.65,7.927,,,,,,,,,,,,,,,,,,,,,,
30,11B - 1,11,AMB,Control,AMB Control,10/30/20,28.63,6.44,33.84,8.111,,,,,,,,,,,,,,,,,,,,,,
31,2aB - 1,2a,OAW,MP+,OAW MP+,10/30/20,30.57,6.18,37.21,7.921,,,,,,,,,,,,,,,,,,,,,,
32,12A - 1,12,OAW,Control,OAW Control,10/30/20,30.60,6.13,37.66,7.946,,,,,,,,,,,,,,,,,,,,,,
33,2aD - 1,2a,AMB,Control,AMB Control,10/30/20,28.64,6.39,36.52,8.112,,,,,,,,,,,,,,,,,,,,,,
34,2D - 1,2,OAW,MP+,OAW MP+,10/30/20,30.60,6.24,36.75,7.920,,,,,,,,,,,,,,,,,,,,,,
35,6E - 1,6,OAW,Control,OAW Control,10/30/20,30.59,6.21,36.27,7.937,,,,,,,,,,,,,,,,,,,,,,
36,2aC - 1,2a,AMB,MP+,AMB MP+,10/30/20,28.63,6.39,36.01,8.036,,,,,,,,,,,,,,,,,,,,,,
1,15E - 1,15,AMB,MP+,AMB MP+,10/31/20,28.63,6.53,35.87,8.035,,,,,,,,,,,,,,,,,,,,,,
2,10aA - 1,10a,OAW,MP+,OAW MP+,10/31/20,30.59,6.3,37.03,7.953,,,,,,,,,,,,,,,,,,,,,,
3,5aC - 2,5a,AMB,Control,AMB Control,10/31/20,28.65,6.63,33.69,8.042,,,,,,,,,,,,,,,,,,,,,,
4,15E - 2,15,OAW,Control,OAW Control,10/31/20,30.52,6.35,35.7,7.933,,,,,,,,,,,,,,,,,,,,,,
5,15C - 1,15,OAW,MP+,OAW MP+,10/31/20,30.11,6.47,34.98,7.926,,,,,,,,,,,,,,,,,,,,,,
6,10aB - 1,10a,AMB,MP+,AMB MP+,10/31/20,28.62,6.55,35.03,8.057,,,,,,,,,,,,,,,,,,,,,,
7,15E - 3,15,AMB,Control,AMB Control,10/31/20,28.58,6.63,34.64,8.091,,,,,,,,,,,,,,,,,,,,,,
8,6D - 1,6,AMB,Control,AMB Control,10/31/20,28.61,6.53,35.74,8.057,,,,,,,,,,,,,,,,,,,,,,
9,5aC - 1,5a,OAW,Control,OAW Control,10/31/20,30.53,6.41,34.41,8.042,,,,,,,,,,,,,,,,,,,,,,
10,6B - 2,6,OAW,MP+,OAW MP+,10/31/20,30.50,6.3,36.62,7.884,,,,,,,,,,,,,,,,,,,,,,
11,5B - 1,5,OAW,Control,OAW Control,10/31/20,30.54,6.34,37.57,7.945,,,,,,,,,,,,,,,,,,,,,,
12,5aE - 1,5a,AMB,MP+,AMB MP+,10/31/20,28.59,6.52,35.15,8.061,,,,,,,,,,,,,,,,,,,,,,
13,11E - 2,11,OAW,MP+,OAW MP+,10/31/20,30.55,6.34,34.69,7.948,,,,,,,,,,,,,,,,,,,,,,
14,12E - 1,12,AMB,Control,AMB Control,10/31/20,,6.58,36.31,8.066,,,,,,,,,,,,,,,,,,,,,,
15,2E - 1,2,AMB,MP+,AMB MP+,10/31/20,,6.59,35.39,8.072,,,,,,,,,,,,,,,,,,,,,,
16,2B - 1,2,AMB,Control,AMB Control,10/31/20,,6.44,36.14,7.989,,,,,,,,,,,,,,,,,,,,,,
17,6B - 1,6,AMB,MP+,AMB MP+,10/31/20,,6.64,31.7,8.094,,,,,,,,,,,,,,,,,,,,,,
18,2aE - 1,2a,OAW,Control,OAW Control,10/31/20,30.52,6.33,36.56,8.077,,,,,,,,,,,,,,,,,,,,,,
19,10aC - 1,10a,OAW,Control,OAW Control,10/31/20,30.50,6.4,35.03,7.963,,,,,,,,,,,,,,,,,,,,,,
20,12E - 2,12,AMB,MP+,AMB MP+,10/31/20,,6.48,36.42,8.001,,,,,,,,,,,,,,,,,,,,,,
21,11E - 1,11,OAW,Control,OAW Control,10/31/20,29.45,6.48,34.64,7.939,,,,,,,,,,,,,,,,,,,,,,
22,5aA - 1,5a,OAW,MP+,OAW MP+,10/31/20,30.52,6.36,35.95,7.958,,,,,,,,,,,,,,,,,,,,,,
23,5D - 1,5,AMB,Control,AMB Control,10/31/20,28.56,6.57,33.26,8.093,,,,,,,,,,,,,,,,,,,,,,
24,12B - 1,12,OAW,MP+,OAW MP+,10/31/20,30.49,6.44,31.31,8.005,,,,,,,,,,,,,,,,,,,,,,
25,5C - 1,5,AMB,MP+,AMB MP+,10/31/20,28.61,6.52,35.9,7.935,,,,,,,,,,,,,,,,,,,,,,
26,10aD - 1,10a,AMB,Control,AMB Control,10/31/20,28.61,6.52,35.74,8.021,,,,,,,,,,,,,,,,,,,,,,
27,11A - 1,11,AMB,MP+,AMB MP+,10/31/20,28.62,6.56,35.56,8.055,,,,,,,,,,,,,,,,,,,,,,
28,5C - 2,5,OAW,MP+,OAW MP+,10/31/20,30.54,6.42,32.57,7.939,,,,,,,,,,,,,,,,,,,,,,
29,2A - 1,2,OAW,Control,OAW Control,10/31/20,30.58,6.39,34.07,7.901,,,,,,,,,,,,,,,,,,,,,,
30,11B - 1,11,AMB,Control,AMB Control,10/31/20,28.61,6.56,33.36,8.091,,,,,,,,,,,,,,,,,,,,,,
31,2aB - 1,2a,OAW,MP+,OAW MP+,10/31/20,30.52,6.29,36.29,7.946,,,,,,,,,,,,,,,,,,,,,,
32,12A - 1,12,OAW,Control,OAW Control,10/31/20,30.50,6.27,37.02,7.966,,,,,,,,,,,,,,,,,,,,,,
33,2aD - 1,2a,AMB,Control,AMB Control,10/31/20,28.61,6.56,35.13,8.111,,,,,,,,,,,,,,,,,,,,,,
34,2D - 1,2,OAW,MP+,OAW MP+,10/31/20,30.51,6.37,36.03,7.937,,,,,,,,,,,,,,,,,,,,,,
35,6E - 1,6,OAW,Control,OAW Control,10/31/20,30.52,6.36,34.92,7.914,,,,,,,,,,,,,,,,,,,,,,
36,2aC - 1,2a,AMB,MP+,AMB MP+,10/31/20,28.64,6.54,35.74,8.041,,,,,,,,,,,,,,,,,,,,,,
1,15E - 1,15,AMB,MP+,AMB MP+,11/1/20,28.65,6.53,35.68,8.060,,,,,,,,,,,,,,,,,,,,,,
2,10aA - 1,10a,OAW,MP+,OAW MP+,11/1/20,30.62,6.32,37.06,7.903,,,,,,,,,,,,,,,,,,,,,,
3,5aC - 2,5a,AMB,Control,AMB Control,11/1/20,28.65,6.56,34.46,8.025,,,,,,,,,,,,,,,,,,,,,,
4,15E - 2,15,OAW,Control,OAW Control,11/1/20,30.60,6.36,36.08,7.900,,,,,,,,,,,,,,,,,,,,,,
5,15C - 1,15,OAW,MP+,OAW MP+,11/1/20,30.47,6.36,35.71,7.829,,,,,,,,,,,,,,,,,,,,,,
6,10aB - 1,10a,AMB,MP+,AMB MP+,11/1/20,28.63,6.51,35.54,8.050,,,,,,,,,,,,,,,,,,,,,,
7,15E - 3,15,AMB,Control,AMB Control,11/1/20,28.63,6.63,35.44,8.086,,,,,,,,,,,,,,,,,,,,,,
8,6D - 1,6,AMB,Control,AMB Control,11/1/20,28.65,6.49,36.25,8.054,,,,,,,,,,,,,,,,,,,,,,
9,5aC - 1,5a,OAW,Control,OAW Control,11/1/20,30.63,6.48,35.29,8.011,,,,,,,,,,,,,,,,,,,,,,
10,6B - 2,6,OAW,MP+,OAW MP+,11/1/20,30.60,6.37,36.92,7.929,,,,,,,,,,,,,,,,,,,,,,
11,5B - 1,5,OAW,Control,OAW Control,11/1/20,30.61,6.32,37.77,8.005,,,,,,,,,,,,,,,,,,,,,,
12,5aE - 1,5a,AMB,MP+,AMB MP+,11/1/20,28.64,6.5,35.79,8.072,,,,,,,,,,,,,,,,,,,,,,
13,11E - 2,11,OAW,MP+,OAW MP+,11/1/20,30.62,6.32,35.47,7.897,,,,,,,,,,,,,,,,,,,,,,
14,12E - 1,12,AMB,Control,AMB Control,11/1/20,28.84,6.29,36.55,8.024,,,,,,,,,,,,,,,,,,,,,,
15,2E - 1,2,AMB,MP+,AMB MP+,11/1/20,28.87,6.86,36.03,8.017,,,,,,,,,,,,,,,,,,,,,,
16,2B - 1,2,AMB,Control,AMB Control,11/1/20,28.66,6.35,36.18,7.967,,,,,,,,,,,,,,,,,,,,,,
17,6B - 1,6,AMB,MP+,AMB MP+,11/1/20,28.71,6.312,32.89,8.109,,,,,,,,,,,,,,,,,,,,,,
18,2aE - 1,2a,OAW,Control,OAW Control,11/1/20,30.60,6.31,37.08,8.071,,,,,,,,,,,,,,,,,,,,,,
19,10aC - 1,10a,OAW,Control,OAW Control,11/1/20,30.60,6.44,35.78,7.893,,,,,,,,,,,,,,,,,,,,,,
20,12E - 2,12,AMB,MP+,AMB MP+,11/1/20,28.77,6.32,36.81,7.955,,,,,,,,,,,,,,,,,,,,,,
21,11E - 1,11,OAW,Control,OAW Control,11/1/20,29.53,6.32,35.38,7.929,,,,,,,,,,,,,,,,,,,,,,
22,5aA - 1,5a,OAW,MP+,OAW MP+,11/1/20,30.61,6.3,36.42,7.897,,,,,,,,,,,,,,,,,,,,,,
23,5D - 1,5,AMB,Control,AMB Control,11/1/20,28.64,6.42,34.49,8.124,,,,,,,,,,,,,,,,,,,,,,
24,12B - 1,12,OAW,MP+,OAW MP+,11/1/20,30.59,6.34,33.11,7.918,,,,,,,,,,,,,,,,,,,,,,
25,5C - 1,5,AMB,MP+,AMB MP+,11/1/20,28.64,6.45,36.61,8.008,,,,,,,,,,,,,,,,,,,,,,
26,10aD - 1,10a,AMB,Control,AMB Control,11/1/20,28.63,6.5,36.39,8.000,,,,,,,,,,,,,,,,,,,,,,
27,11A - 1,11,AMB,MP+,AMB MP+,11/1/20,28.64,6.58,36.22,8.037,,,,,,,,,,,,,,,,,,,,,,
28,5C - 2,5,OAW,MP+,OAW MP+,11/1/20,30.62,6.38,33.8,7.880,,,,,,,,,,,,,,,,,,,,,,
29,2A - 1,2,OAW,Control,OAW Control,11/1/20,30.61,6.29,35.04,7.838,,,,,,,,,,,,,,,,,,,,,,
30,11B - 1,11,AMB,Control,AMB Control,11/1/20,28.64,6.48,34.36,8.085,,,,,,,,,,,,,,,,,,,,,,
31,2aB - 1,2a,OAW,MP+,OAW MP+,11/1/20,30.60,6.27,36.62,7.893,,,,,,,,,,,,,,,,,,,,,,
32,12A - 1,12,OAW,Control,OAW Control,11/1/20,30.60,6.22,37.47,7.904,,,,,,,,,,,,,,,,,,,,,,
33,2aD - 1,2a,AMB,Control,AMB Control,11/1/20,28.64,6.42,35.7,8.108,,,,,,,,,,,,,,,,,,,,,,
34,2D - 1,2,OAW,MP+,OAW MP+,11/1/20,30.60,6.41,36.4,7.921,,,,,,,,,,,,,,,,,,,,,,
35,6E - 1,6,OAW,Control,OAW Control,11/1/20,30.61,6.33,35.76,7.907,,,,,,,,,,,,,,,,,,,,,,
36,2aC - 1,2a,AMB,MP+,AMB MP+,11/1/20,28.63,6.51,36.16,8.006,,,,,,,,,,,,,,,,,,,,,,
1,15E - 1,15,AMB,MP+,AMB MP+,11/2/20,28.66,6.43,35.3,8.130,,,,,,,,,,,,,,,,,,,,,,
2,10aA - 1,10a,OAW,MP+,OAW MP+,11/2/20,30.63,6.23,36.51,8.120,,,,,,,,,,,,,,,,,,,,,,
3,5aC - 2,5a,AMB,Control,AMB Control,11/2/20,28.67,6.49,32.62,8.190,,,,,,,,,,,,,,,,,,,,,,
4,15E - 2,15,OAW,Control,OAW Control,11/2/20,30.60,6.23,35.43,8.110,,,,,,,,,,,,,,,,,,,,,,
5,15C - 1,15,OAW,MP+,OAW MP+,11/2/20,30.56,6.26,34.97,8.150,,,,,,,,,,,,,,,,,,,,,,
6,10aB - 1,10a,AMB,MP+,AMB MP+,11/2/20,28.64,6.29,34.99,8.140,,,,,,,,,,,,,,,,,,,,,,
7,15E - 3,15,AMB,Control,AMB Control,11/2/20,28.62,6.53,35.32,8.130,,,,,,,,,,,,,,,,,,,,,,
8,6D - 1,6,AMB,Control,AMB Control,11/2/20,28.65,6.44,36.44,8.220,,,,,,,,,,,,,,,,,,,,,,
9,5aC - 1,5a,OAW,Control,OAW Control,11/2/20,30.62,6.27,35.01,8.120,,,,,,,,,,,,,,,,,,,,,,
10,6B - 2,6,OAW,MP+,OAW MP+,11/2/20,30.60,6.21,37.25,7.940,,,,,,,,,,,,,,,,,,,,,,
11,5B - 1,5,OAW,Control,OAW Control,11/2/20,30.61,6.2,38.25,8.060,,,,,,,,,,,,,,,,,,,,,,
12,5aE - 1,5a,AMB,MP+,AMB MP+,11/2/20,28.63,6.4,35.9,8.290,,,,,,,,,,,,,,,,,,,,,,
13,11E - 2,11,OAW,MP+,OAW MP+,11/2/20,30.61,6.3,33.94,8.060,,,,,,,,,,,,,,,,,,,,,,
14,12E - 1,12,AMB,Control,AMB Control,11/2/20,28.66,6.39,36.08,8.410,,,,,,,,,,,,,,,,,,,,,,
15,2E - 1,2,AMB,MP+,AMB MP+,11/2/20,28.64,6.44,36.14,8.100,,,,,,,,,,,,,,,,,,,,,,
16,2B - 1,2,AMB,Control,AMB Control,11/2/20,28.66,6.45,35.66,8.050,,,,,,,,,,,,,,,,,,,,,,
17,6B - 1,6,AMB,MP+,AMB MP+,11/2/20,28.66,6.53,32.84,8.130,,,,,,,,,,,,,,,,,,,,,,
18,2aE - 1,2a,OAW,Control,OAW Control,11/2/20,30.60,6.31,36.11,8.410,,,,,,,,,,,,,,,,,,,,,,
19,10aC - 1,10a,OAW,Control,OAW Control,11/2/20,30.60,6.48,34.61,7.970,,,,,,,,,,,,,,,,,,,,,,
20,12E - 2,12,AMB,MP+,AMB MP+,11/2/20,28.66,6.35,36.09,8.090,,,,,,,,,,,,,,,,,,,,,,
21,11E - 1,11,OAW,Control,OAW Control,11/2/20,29.55,6.45,36.21,7.910,,,,,,,,,,,,,,,,,,,,,,
22,5aA - 1,5a,OAW,MP+,OAW MP+,11/2/20,30.61,6.4,36.66,7.990,,,,,,,,,,,,,,,,,,,,,,
23,5D - 1,5,AMB,Control,AMB Control,11/2/20,28.63,6.48,34.43,8.110,,,,,,,,,,,,,,,,,,,,,,
24,12B - 1,12,OAW,MP+,OAW MP+,11/2/20,30.58,6.42,31.81,8.030,,,,,,,,,,,,,,,,,,,,,,
25,5C - 1,5,AMB,MP+,AMB MP+,11/2/20,28.64,6.48,35.61,8.180,,,,,,,,,,,,,,,,,,,,,,
26,10aD - 1,10a,AMB,Control,AMB Control,11/2/20,28.63,6.45,35.61,8.120,,,,,,,,,,,,,,,,,,,,,,
27,11A - 1,11,AMB,MP+,AMB MP+,11/2/20,28.62,6.51,35.08,8.200,,,,,,,,,,,,,,,,,,,,,,
28,5C - 2,5,OAW,MP+,OAW MP+,11/2/20,30.64,6.4,32.28,7.980,,,,,,,,,,,,,,,,,,,,,,
29,2A - 1,2,OAW,Control,OAW Control,11/2/20,30.62,6.32,35.5,7.980,,,,,,,,,,,,,,,,,,,,,,
30,11B - 1,11,AMB,Control,AMB Control,11/2/20,28.65,6.53,32.79,8.160,,,,,,,,,,,,,,,,,,,,,,
31,2aB - 1,2a,OAW,MP+,OAW MP+,11/2/20,30.58,6.31,35.96,8.000,,,,,,,,,,,,,,,,,,,,,,
32,12A - 1,12,OAW,Control,OAW Control,11/2/20,30.59,6.27,36.9,8.000,,,,,,,,,,,,,,,,,,,,,,
33,2aD - 1,2a,AMB,Control,AMB Control,11/2/20,28.64,6.45,35.34,8.120,,,,,,,,,,,,,,,,,,,,,,
34,2D - 1,2,OAW,MP+,OAW MP+,11/2/20,30.58,6.3,35.62,7.980,,,,,,,,,,,,,,,,,,,,,,
35,6E - 1,6,OAW,Control,OAW Control,11/2/20,30.62,6.31,35.26,8.050,,,,,,,,,,,,,,,,,,,,,,
36,2aC - 1,2a,AMB,MP+,AMB MP+,11/2/20,28.65,6.48,35.47,8.220,,,,,,,,,,,,,,,,,,,,,,